date,naive,drift,ets_log,ar_1,ar_3,ar_6,ar_12,arima_110,arima_011,arima_111,mr_60_6,mr_60_12,mr_60_24,mr_120_6,mr_120_12,mr_120_24,mr_180_6,mr_180_12,mr_180_24,ridge_direct,hgb_direct,ensemble_all,ensemble_without_naive,ensemble_without_ets_log,ensemble_without_ridge_direct,ensemble_without_mr_120_12,rnn,lstm,cnn,qrnn,naive_quantiles
2026-04-01,103.13,103.31143776824034,103.18371807449563,103.78461913334567,115.91942720571927,116.11245667041025,117.27644102482489,114.29607454353763,115.98963111360685,115.4525915865211,100.40361742705743,101.71832738617641,102.4115402172624,98.29777439868757,100.61517208721685,101.84667118540949,99.28558928498128,101.13405761411173,102.11274388958398,129.4099082197742,114.74161500320065,109.08469959537166,111.06959946049555,111.0516934356637,102.30963005390417,111.90787543142328,103.14238399939364,103.50130663695477,104.277867318529,104.15046836441175,103.89306597763566
2026-05-01,103.13,103.49287553648068,103.23719590259968,104.43756829144053,115.85214572677747,114.97226011656427,116.45242805651736,117.81297822847093,116.4442317041468,113.87449916593884,98.03545478107016,100.40361742705743,101.71832738617641,94.18379119401764,98.29777439868757,100.61517208721685,95.98148348266646,99.28558928498128,101.13405761411173,128.5274873732999,108.36017036198541,108.29811441864679,110.0208192248624,109.98508725732916,101.5549901004291,111.63156109196653,102.29612507204472,102.96703482958833,104.00729522077921,104.08784892747128,104.30034383468835
2026-06-01,103.13,103.67431330472103,103.290433850383,105.08893384869715,114.73759241826863,113.78249622988791,114.8541648304691,119.11467573505008,116.90061402030241,114.6427090341196,95.97275024426831,99.17828906346146,101.049343082948,90.66389887032501,96.15942895709584,99.43299409424962,93.13058947900963,97.57187225524905,100.19221679861576,123.36361003902988,106.67841890124905,106.48586821162718,107.60449094883624,107.55101299870857,100.85995426915962,109.9280146298043,102.57502983928968,103.3895476274696,102.42394380483275,104.70564860416516,104.96029717841265
2026-07-01,103.13,103.85575107296137,103.34343285689134,105.7388011946624,114.7899795393302,110.15163143563751,110.7939737421952,119.81241133110709,117.35878504522844,115.03421342923673,94.17167345336505,98.03545478107016,100.40361742705743,87.63898589877661,94.18379119401764,98.29777439868757,90.66213427230235,95.98148348266646,99.28558928498128,117.68960834022843,110.82690283747836,104.58670809778437,105.07227746371247,105.00113317808201,100.21907468363634,108.05434706570661,101.92069520164561,103.6567686632509,100.61712572304556,105.06283644727678,105.22606507327285
2026-08-01,103.13,104.03718884120171,103.39619385886958,106.38725471710032,115.33267765033366,109.02364698686617,109.6497112117144,120.34903797410021,117.81875178944851,115.48896107921507,92.59558569649786,96.96884645326504,99.78022635386213,85.02920656668792,92.35628888642394,97.20728608043663,88.51815349103721,94.50414488654572,98.41262933600977,115.78021227464671,109.32944862527842,103.66567375498506,103.84423167331342,103.75550038702356,99.62749424843118,107.4354687111721,103.03010070509147,103.76414515868697,99.84932172317104,105.89489326300604,105.96747540143946
2026-09-01,103.13,104.21862660944205,103.44871779075251,107.0343777874536,115.90642004194719,109.95747150292121,108.91272295259475,120.84388947853951,118.28052129096285,115.9354494430302,91.21368283031543,95.97275024426831,99.17828906346146,82.7696891150772,90.66389887032501,96.15942895709584,86.65082609709734,93.13058947900963,97.57187225524905,111.39602664197774,88.70931754856277,102.15966082576381,101.83621443435175,101.72997517076759,99.08087222035918,105.99158147757674,100.67314569962987,104.03848994461445,100.25061531573579,105.54337187172641,105.01940458015267
2026-10-01,103.13,104.4000643776824,103.5010055846554,107.6802527485447,116.43732241527297,110.96790236660046,109.60240349988779,121.3289577470965,118.7441006153559,116.38529719754959,89.99992806716236,95.04194933947144,98.59696563305846,80.80731145281806,89.09495550407198,95.15222113388008,85.02043203012381,91.85244526119814,96.76192938935485,109.17551958633172,91.53310836205776,101.22537016876478,100.59049355835305,100.46682503013456,98.57532036290911,105.26884172366238,101.08562323758343,103.93315371985166,101.25737909718633,105.02269649938096,104.096719192496
2026-11-01,103.13,104.58150214592274,103.55305817036525,108.32496090438217,116.95290797051803,112.04970261916277,111.96302211588383,121.81281149885693,119.20949685590426,116.83662518234419,88.93220617140248,94.17167345336505,98.03545478107016,79.09825438741608,87.63898589877661,94.18379119401764,83.59377302024724,90.66213427230235,95.98148348266646,109.85369832326487,96.12222721256578,101.04393559810168,100.34858079746891,100.20756140734716,98.10734802304728,105.51225216454338,101.70977088999318,104.51307634940302,99.62745544905425,106.00529746235944,105.87797805642634
2026-12-01,103.13,104.76293991416308,103.60487647533127,108.96858251194415,117.47033623403782,112.89302428863834,112.51375989551421,122.29774902038726,119.6767171336857,117.2897464401444,87.9916481398935,93.35755421950026,97.49299177216578,77.60612711306393,86.28656778346652,93.25237097567357,82.34294102391627,89.5527845979806,95.22928435631167,106.77635382144827,95.78632692145881,99.9494495200615,98.88926602674867,98.73097386830493,97.67381475293259,104.50374343225984,102.94186851207776,105.12229792529091,100.22612149192663,105.66825876094268,106.30666222531103
2027-01-01,103.13,104.94437768240343,103.65646142465705,109.61119677481706,117.99205960339275,113.47261722644389,115.70667949117212,122.78439080023435,120.14576859768741,117.74461801781592,87.16208816778341,92.59558569649786,96.96884645326504,76.30051809013898,85.02920656668792,92.35628888642394,81.2443498953651,88.51815349103721,94.50414488654572,105.86504593336588,91.12294215028142,99.42017848117771,98.18357130823695,98.00808416668458,97.27188933044833,104.21716911934097,101.10235742488965,104.37773064180817,100.52897923813573,105.22037596872113,105.38733747141457
2027-02-01,103.13,105.12581545064377,103.70781394109135,110.2528818385729,118.5169508432349,114.0265795044371,118.61471983859991,123.27290846646761,120.61665842491581,118.20125480877644,86.42962401806388,91.88208933342813,96.4623214113014,75.15586512924274,83.85922872486805,91.49396371078356,80.27796808534288,87.55256004459467,93.80493725919104,106.56540697931204,96.60954625305334,99.31561241131786,98.04414988175715,97.8515452347267,96.89901422198646,104.46774030680113,101.40129214802413,104.10790563477487,99.90669963917783,104.92389723666238,105.79464452604334
2027-03-01,103.13,105.30725321888411,103.75893494502066,110.893714787774,119.04437550589411,114.59385178899524,119.43582099571901,123.7633535841827,121.08939382050663,118.65966234251107,85.78225879201463,91.21368283031543,95.97275024426831,74.1505671438493,82.7696891150772,90.66389887032501,79.42670610220532,86.65082609709734,93.13058947900963,108.17477698640263,82.55236432172353,99.45835026162513,98.23446701550017,98.02482203382662,96.55287468669928,105.02123731047443,101.30375398526893,107.62017299540345,100.75766057475734,104.87900159695705,105.52970083102493
2027-04-01,103.13,105.48869098712446,103.80982535446039,111.5337716444991,119.57425906861016,115.1890834349184,119.74165832653931,124.25574562033108,121.56398201783446,119.11984770009072,85.20960721647684,90.58725240787572,95.49949593771697,73.26628042563627,81.75429019515033,89.86467709956433,78.67592403853476,85.80822424801937,92.4800821146212,107.30010485455108,80.22043657571906,98.99855510104044,97.62140680138725,97.39479834990046,96.23137184987024,104.74664340300382,100.49554044728232,106.43605498416439,100.55380119555157,104.63831939598413,106.2517909004956
2027-05-01,103.13,105.6701287553648,103.86048608504754,112.17312736828931,120.10665260100244,115.81445658087571,119.45855913869681,124.75009547718724,122.04043027862387,119.58181774154379,84.7026534018819,89.99992806716236,95.04194933947144,72.48735695080786,80.80731145281806,89.09495550407198,78.01303293418026,85.02043203012381,91.85244526119814,104.88340896133995,69.08893861121206,98.17030162480138,96.5170688330685,96.273573471386,95.93259917928852,103.95796501546249,99.97200832517957,105.22935837156864,99.94303358647203,104.58255001371859,106.96924261874196
2027-06-01,103.13,105.85156652360514,103.91091805003296,112.81185585741932,120.64158518170704,116.44405903051435,119.49881558213063,125.24641178836643,122.51874589306075,120.04557939386173,84.25354992334223,89.44906147649137,94.59952772587229,71.80039285619381,79.92354760987993,88.35346097023492,77.42716999695183,84.28349142422184,91.2467557046444,106.32502512172586,62.72503343977165,98.32237269540968,96.71983026054625,96.4595242438686,95.65482188663763,104.45531439058628,100.53016884113028,105.09393140452039,99.86591361119123,104.34983099640597,106.31790425286341
2027-07-01,103.13,106.03300429184549,103.96112216027393,113.45002995140035,121.17906493461787,117.06967145855467,119.75779658951234,125.74470260329305,122.99893617990325,120.51113960434566,83.85545028093287,88.93220617140248,94.17167345336505,71.1938630038116,79.09825438741608,87.63898589877661,76.90893235259328,83.59377302024724,90.66213427230235,109.27346479235472,64.69287104841506,98.86571033501119,97.44428044668159,97.16723972659027,95.39645884923,105.45486231754289,103.549426835089,105.61217655221658,99.39665260643677,104.24509493302978,107.56885613800033
2027-08-01,103.13,106.21444206008583,104.01109932422679,114.08772143462987,121.71909588222054,117.69118047853706,120.15606865239594,126.24497583793783,123.48100848659422,120.97850534830441,83.50236848199081,88.44709979479961,93.75785268970816,70.65782329416935,78.32710080157807,86.95038423656878,76.45015748185011,82.94794422786835,90.09774335645182,111.14864809730183,62.271428704269844,99.15421205577667,97.82894940770223,97.53524963295996,95.15606670860161,106.09658247384287,99.3435402137066,108.56534668741439,98.73556467939143,104.81143647809594,108.93559850735947
2027-09-01,103.13,106.39587982832617,104.06085044794004,114.72500104110463,122.26168325836764,118.30912317069833,120.96886644573974,126.74723939549447,123.96497018937343,121.44768362792524,83.18906078727558,87.9916481398935,93.35755421950026,70.18366665970086,77.60612711306393,86.28656778346652,76.04374113473872,82.34294102391627,89.5527845979806,106.3057647601962,63.57193847245192,97.77568558030003,95.99091410706671,95.68063062442006,94.93232585366798,104.49887173604542,97.64272721590767,105.48714659125584,98.75992483596254,105.00473139663026,108.93711157455684
2027-10-01,103.13,106.57731759656652,104.11037643504763,115.36193846011874,122.80683332878915,118.92636960963843,121.59250957182931,127.2515011987558,124.45082869339046,121.91868147257944,82.91092566930952,87.5639107890385,92.97028831911604,69.76392187106761,76.93170768222652,85.64650275289087,75.68348551331484,81.7759427951447,89.02649671861634,105.12874397655554,58.428713126660305,97.32520702345741,95.39027603127654,95.0634838862607,94.72402803909138,104.12304013720104,100.1768573701794,107.44011983281818,99.63176144419538,105.32569807666883,109.33031502994248
2027-11-01,103.13,106.75875536480686,104.1596781867617,115.99860234287246,123.35455273298912,119.54426630593662,122.27035032906704,127.75776919886658,124.93859143281834,122.39150593889536,82.6639188155557,87.16208816778341,92.59558569649786,69.39208670588431,76.30051809013898,85.02920656668792,75.36397204562788,81.2443498953651,88.51815349103721,109.04590879671211,75.63060051783467,98.15902626840321,96.50203502453759,96.15880896228369,94.53006542563355,105.44519566115794,99.7240798620337,108.05823679693309,100.92639199134214,105.33865160331925,110.17910189159116
2027-12-01,103.13,106.9401931330472,104.208756601867,116.6350603099218,123.90484828700343,120.1628324435637,123.03064109913205,128.26605137775772,125.42826587096668,122.86616411086848,82.44448062375224,86.78450985607111,92.2329964915801,69.06248886653626,75.70950597733878,84.43374486643707,75.08045425278894,80.74576358753235,88.02706183702516,111.50712930772568,80.83649708421245,98.63884797173286,97.14179729564381,96.78221176168815,94.34942085973525,106.28196196986421,102.05808430186943,108.31794422287722,102.64643115307535,104.5567132765062,109.86559207883819
