date,q05,q10,q15,q20,q25,q30,q35,q40,q45,q50,q55,q60,q65,q70,q75,q80,q85,q90,q95
2026-04-01,95.89747281080649,96.77887875633687,97.81986830536034,98.76411634237587,99.72771277518544,100.95460772240133,101.72186404632029,102.6601622560358,103.31292736977682,104.15046836441175,105.15583768295137,105.84276549360865,106.4990385322651,107.39013868931946,108.3805954478893,109.10142537348504,109.87033039585795,110.75035985702657,111.32875643282651
2026-05-01,92.50558833269696,94.09396818425888,95.73598155970194,97.38880903349097,98.97516294487716,99.82418161012465,101.15149668443276,102.28553870018239,103.24706492610603,104.08784892747128,105.56869079237697,106.69671491569832,108.06775827730439,109.39051136522876,110.73253633958817,112.16614157261219,113.60797469188476,115.22164294039437,117.2850331603208
2026-06-01,91.47889797428493,92.71708204852135,94.06060595237354,95.99974928441875,97.53530293992071,99.11639930323643,100.39030079951863,102.17115119645476,103.35362812099626,104.70564860416516,106.38243482476665,107.80108386873619,109.61961602113074,111.33705110755741,112.74677790255002,114.41722056950452,115.98303291779682,118.67750505752903,120.26247177853432
2026-07-01,89.06172841956646,91.26108688621093,93.30629947766204,94.43083970006379,96.28071829488799,98.791004192159,100.80677755757551,102.64354462457223,103.36909280728582,105.06283644727678,105.97446004200677,107.8524109695639,109.99109339126596,112.47999848043177,114.513465799667,116.87304033486407,119.08875324563314,120.60897356997582,123.72343727107891
2026-08-01,86.05759903313574,89.68523011922957,91.40833291282277,93.20079314860462,95.56846133322922,97.18933538142042,100.08162238504552,101.5657373662287,103.80980595961537,105.89489326300604,107.31828840725822,110.22416031263326,111.71306066489656,113.56546258025215,115.5228290443376,117.8502611174137,119.92758819954346,123.78651386868879,125.95113128305756
2026-09-01,85.92529218271247,88.95488229947456,91.71947449722109,93.12563775181714,95.51342787532683,97.2522784522596,99.51041188369229,101.67254148225125,102.98429188856319,105.54337187172641,107.64688727653599,109.88791040726281,112.63644519178767,115.03689806289705,116.8142004860465,119.94654395304285,123.2066150105107,125.51440473212725,128.79427804597273
2026-10-01,85.24470885977149,88.53551516538039,90.5601990886526,92.86976472443537,94.90978882689183,97.35785528513944,99.26689891417948,100.79537595477959,102.61600325540451,105.02269649938096,107.61805816551195,110.16316135656571,112.40519329163847,114.51722745954433,118.7538769998257,121.75636250202074,124.47355865237691,128.37393214952232,130.10064442127168
2026-11-01,84.05050318718904,87.55290025571477,90.96224940046152,92.8532380421763,94.89909080831069,97.13902662251594,99.30911080590043,101.14961586230649,103.24341575918504,106.00529746235944,108.6454318093478,110.15017636974714,112.5198232139176,114.56824839349781,118.38331788394024,121.91845775256743,125.31053878541073,131.5117682446418,136.01075508086524
2026-12-01,81.87250006491566,86.53131910356117,90.08815940027146,92.11616184634701,94.60952254416728,96.75559682682443,98.27419787097793,101.74111776431579,103.58491739422985,105.66825876094268,107.97874568658752,110.61475496925189,113.6546775106106,116.80106555747435,119.32136847679503,123.91163136234209,127.32728754085142,132.78128457370002,135.70937714910784
2027-01-01,83.25460256241107,86.12065504558947,90.04399292983916,92.13257497564996,93.91999569043394,96.29286529215153,98.95523072163162,100.80886643720446,103.43354478889876,105.22037596872113,107.45958465685416,109.58110567031633,113.61226098523119,117.8034735849365,121.23616415642218,124.67846299442576,128.4580740506994,134.445065041063,137.6772634704441
2027-02-01,81.92885524896947,84.35846679588269,88.3220007740079,92.06020777010693,94.08493666971013,96.65803577071907,98.58541668639103,100.71196041017933,102.94480206241944,104.92389723666238,106.57802215753895,109.65569154651114,112.55015184710446,116.3676601275638,120.10801933942382,125.66731916332836,130.70788923812327,135.08720779285574,142.91523273409305
2027-03-01,79.47971119867813,82.56473068205408,86.67114726259035,89.34287433458229,93.54032932320482,96.66398854836,99.02665633041873,100.71918583654369,102.54851992671081,104.87900159695705,107.81054546576247,110.59801863186392,113.4029151013581,116.59782334595934,120.9271413010587,125.71550863049075,131.83954185362447,137.59126507633903,145.45574469698474
2027-04-01,79.16181248689318,81.3769639416073,85.76198128212131,90.03664937815756,91.97692301520921,95.36122131205045,98.03857471064303,100.54596037410957,102.76172162112925,104.63831939598413,107.48479891337657,110.60865781036928,113.85905948609759,118.88273140071362,122.88977006984753,129.7323010117601,132.26298658870763,139.43489686532797,147.22049330221446
2027-05-01,78.97481563674275,82.2719473233557,84.76086695474639,89.51306812167829,91.99639793755358,94.54732898745924,97.9683624264959,100.48759678371239,102.82402235845309,104.58255001371859,107.16992816817006,109.85121049685515,113.63156207653154,117.73735748417914,123.72434139701315,130.50727511054538,135.1237867789259,137.35777287387555,148.30789422932682
2027-06-01,79.82092485271697,81.30127776780793,85.93031994340029,88.41344288686692,91.49240676825728,95.5833311489342,97.96383738084243,100.14218561259345,102.511768913546,104.34983099640597,107.73859976963288,110.53627765400434,113.18220711458218,117.83469761605525,122.81612066521014,129.99702367095975,138.80255455399586,142.67992645607478,149.49542849725214
2027-07-01,76.5089608139771,81.48046682570575,85.01141512136437,88.34919880381763,90.54235882271152,95.03971513399446,98.20986124854582,100.41058786123038,102.48547109885938,104.24509493302978,106.48034310661058,111.45730851224025,115.19134472846574,119.76530249692944,124.32192078613336,131.36223041383505,137.16232384136302,141.16618233881314,148.33361294727342
2027-08-01,77.09346558937207,80.5473166187631,83.28030643616374,87.25436446642325,91.30331997518465,94.97695787176244,97.40955451569774,100.13657391540465,102.7028633424903,104.81143647809594,108.27761362646072,112.6024826724018,115.67858688903814,119.4421290466361,125.62780321258285,131.9018973110537,138.24197316305015,144.35689808718539,149.80615549749996
2027-09-01,76.59344924566417,80.93610718556607,84.01830269545182,88.32304146829566,90.83678092258336,93.86656835370584,96.69647238559762,99.90467066530572,101.70166628623357,105.00473139663026,108.47871141968832,112.15520468063687,116.46613473064842,121.23007635061549,125.24224202633748,133.07131590113855,137.65742331130014,145.63956285539092,152.7192949410621
2027-10-01,75.99413580732252,79.52703027467217,83.51713500628227,87.5199522124272,90.63719511030192,93.28087640386448,97.24257706140959,99.47456305160632,102.22177391345919,105.32569807666883,108.89159670351935,112.68417866542242,115.89898175821455,120.83548782125949,128.9393428510555,133.50770677566584,138.03519058676537,142.48669754596398,149.56485586570548
2027-11-01,76.11154821795427,80.30869165625579,82.89213366274763,87.89149075792196,90.48562345128286,93.3079229445084,96.15480968022301,98.66234867621444,102.2128635379581,105.33865160331925,108.02843384697098,111.44913516524858,117.34355585319591,122.86703408479522,126.65937853028667,133.56504265177813,140.21334504914554,146.4654030845757,152.23451397919348
2027-12-01,75.51340395022513,79.65537985158906,81.85940203332065,85.26921947526452,89.96772486248763,93.5083685357483,96.58758159882424,99.05573521978006,102.5263665159652,104.5567132765062,109.10529792580594,112.13190758017072,116.85695935133256,123.10381235615014,129.2024740881496,134.04126846642902,141.85602764529645,150.11080003928754,153.9164618629818
