period,model,seed,horizon,MAE,RMSE,pinball,crps_central_approx,coverage90,width90,interval_score90
test,cnn,11,1,5.8008491339507895,6.828170702733195,,,,,
test,cnn,11,2,11.655239798943374,13.919772742766785,,,,,
test,cnn,11,3,10.186033013948135,11.684156046381696,,,,,
test,cnn,11,4,10.059255612205718,13.050911979853488,,,,,
test,cnn,11,5,14.341253656684387,18.326783389424367,,,,,
test,cnn,11,6,12.594607304757085,15.211600242313407,,,,,
test,cnn,11,7,15.571123141367854,18.194150443161224,,,,,
test,cnn,11,8,18.053740152045265,21.890977432434305,,,,,
test,cnn,11,9,16.738887485691645,20.058678790501894,,,,,
test,cnn,11,10,17.873892625739693,22.947833545147475,,,,,
test,cnn,11,11,18.84893541606517,25.177607242116522,,,,,
test,cnn,11,12,20.389592950487067,25.40628067545761,,,,,
test,cnn,11,13,20.158462356791393,26.16973933316083,,,,,
test,cnn,11,14,20.325919229424127,28.693881402774178,,,,,
test,cnn,11,15,21.745161791748252,28.42565106552575,,,,,
test,cnn,11,16,20.299674855180275,27.82629683114057,,,,,
test,cnn,11,17,19.948583598781095,30.50449438673745,,,,,
test,cnn,11,18,21.95927462915182,30.32940029261259,,,,,
test,cnn,11,19,22.127047590135568,30.97486571741269,,,,,
test,cnn,11,20,23.21883334555845,32.863693915613304,,,,,
test,cnn,11,21,21.193094641713312,30.662238519255176,,,,,
test,lstm,11,1,5.64296760500898,6.530680618165852,,,,,
test,lstm,11,2,10.916509365732008,13.450535374768357,,,,,
test,lstm,11,3,9.366115129574814,11.139698244120126,,,,,
test,lstm,11,4,9.131695518438562,12.013889664971693,,,,,
test,lstm,11,5,12.527651426178844,16.665458413750834,,,,,
test,lstm,11,6,11.864169826131478,14.077366934670465,,,,,
test,lstm,11,7,13.269193776440007,15.226161817649672,,,,,
test,lstm,11,8,15.843786676481587,19.922302811839202,,,,,
test,lstm,11,9,14.491337965380914,17.908520672231173,,,,,
test,lstm,11,10,15.920811205226542,19.348405899723726,,,,,
test,lstm,11,11,18.242398217457296,23.306845907221184,,,,,
test,lstm,11,12,18.476584216860093,22.170651264577057,,,,,
test,lstm,11,13,17.603859777746177,22.258023298023975,,,,,
test,lstm,11,14,17.399064792781616,25.11735814269536,,,,,
test,lstm,11,15,17.318089005494127,24.298116103060096,,,,,
test,lstm,11,16,17.421475263955312,24.11194703567996,,,,,
test,lstm,11,17,18.21237650027758,27.467617248462737,,,,,
test,lstm,11,18,18.568479433452893,26.566021082747184,,,,,
test,lstm,11,19,18.88788807655982,27.512725271072274,,,,,
test,lstm,11,20,22.219214330316476,31.27814812151015,,,,,
test,lstm,11,21,18.756452919755702,26.969530286047988,,,,,
test,qrnn,11,1,5.977809235357275,7.0020994775863175,2.2688301438682714,4.20106454977462,0.47058823529411764,11.212064618716212,43.88508943003779
test,qrnn,11,2,11.860347691625547,13.971526445596282,4.747749416194497,8.762263815669744,0.29411764705882354,18.214499633859486,103.38403003992072
test,qrnn,11,3,9.842392819563248,11.556816561331901,3.7135463850888115,6.891157597384295,0.7058823529411765,24.21812310298071,65.83221371377871
test,qrnn,11,4,10.527007385642639,13.398426163194852,4.286844281410535,7.920549587742244,0.7058823529411765,26.457185830508077,89.78181877510872
test,qrnn,11,5,15.348119495017864,18.579202722765494,6.134792522665811,11.317534995416551,0.5882352941176471,29.168344275047367,135.4283190593956
test,qrnn,11,6,13.748854706077005,16.128352512189196,5.382908256717124,9.943278662971874,0.5882352941176471,29.916064641800688,113.69880991626485
test,qrnn,11,7,15.360542132054306,17.841334027386036,6.061707126789313,11.231381281465678,0.47058823529411764,33.95659914751976,114.3449037736052
test,qrnn,11,8,19.306570353606602,22.7589496330795,7.763075719280901,14.326563395117333,0.47058823529411764,39.19614489043028,169.312188606552
test,qrnn,11,9,18.409979597267306,20.99757670017968,7.194144310955749,13.298697973690222,0.5294117647058824,40.96588999834149,148.07048685028096
test,qrnn,11,10,19.111356004509297,23.11751676656622,7.787723602507521,14.36051777585991,0.5294117647058824,41.6393305989767,174.46282756175242
test,qrnn,11,11,20.91881238069923,26.640426673636,8.92685567708939,16.432189521164275,0.5882352941176471,43.23795875531212,211.5345061222268
test,qrnn,11,12,20.39459311377528,25.26254499357159,8.558225807166636,15.778259168654676,0.5882352941176471,48.9716805088324,192.94794598477432
test,qrnn,11,13,21.625508617023794,26.575212295959606,9.002330782376447,16.62568376377323,0.5294117647058824,50.882276199356966,191.49788909680709
test,qrnn,11,14,22.992808682422083,29.080588668514128,9.532557772703322,17.572552236900066,0.6470588235294118,54.21141091328437,215.7230124944995
test,qrnn,11,15,22.51898249741752,28.09571915288539,9.309094281588274,17.165194991975206,0.6470588235294118,53.5087147015507,208.83365721700596
test,qrnn,11,16,23.432687630483866,28.887415505080817,9.686781365528008,17.878146980176066,0.6470588235294118,55.75085049348875,210.6950457308609
test,qrnn,11,17,25.782406554559103,32.69562172692564,10.166813358504072,18.71360949863936,0.7058823529411765,55.71758949401629,241.33435300735024
test,qrnn,11,18,24.084908238719958,31.12429571664891,10.104972983279804,18.62788658204142,0.7058823529411765,60.649365435326054,228.62483447608244
test,qrnn,11,19,26.502157039782762,32.565850917412384,10.655810421786056,19.67836494515863,0.7058823529411765,63.287129324843285,227.0699424939485
test,qrnn,11,20,26.427816919601906,34.0221268008407,10.81608679863332,19.933599736999447,0.5882352941176471,59.149460089687125,246.78607216154407
test,qrnn,11,21,25.37906054206538,32.30528031605347,10.37517462760306,19.117450717735714,0.7647058823529411,57.19568199828229,238.1524298840405
test,rnn,11,1,5.779776331262005,6.755113773804514,,,,,
test,rnn,11,2,10.939637569486319,13.428343995323358,,,,,
test,rnn,11,3,9.002805080794706,10.587684939755547,,,,,
test,rnn,11,4,8.469551770509762,11.57434308916723,,,,,
test,rnn,11,5,12.977302566282523,17.2403012575874,,,,,
test,rnn,11,6,12.378575756034849,15.058560992292604,,,,,
test,rnn,11,7,12.956038519732367,15.697827129850209,,,,,
test,rnn,11,8,17.141684522712815,21.329871503292274,,,,,
test,rnn,11,9,14.615222143234107,18.451398338290428,,,,,
test,rnn,11,10,14.705086401419289,19.36397079744751,,,,,
test,rnn,11,11,16.82134607020859,22.864248856729247,,,,,
test,rnn,11,12,15.631623593994743,21.41316336475639,,,,,
test,rnn,11,13,16.469894756523377,22.659551421048718,,,,,
test,rnn,11,14,17.24672712912349,26.237871802221818,,,,,
test,rnn,11,15,17.06685422682969,24.973208721894668,,,,,
test,rnn,11,16,17.306513255631476,25.16752991398451,,,,,
test,rnn,11,17,18.04120494684082,27.672336525652618,,,,,
test,rnn,11,18,18.380775345757115,27.616945195108638,,,,,
test,rnn,11,19,19.203769877338942,28.58815680329892,,,,,
test,rnn,11,20,18.477809351099744,30.281465958436605,,,,,
test,rnn,11,21,18.693495312486288,29.14776435348865,,,,,
validation,cnn,11,1,3.893758865763154,5.25809193970507,,,,,
validation,cnn,11,2,5.354842790723155,7.15476156797132,,,,,
validation,cnn,11,3,7.6841578001812785,9.968833748347999,,,,,
validation,cnn,11,4,10.7073061250728,14.765897797813466,,,,,
validation,cnn,11,5,11.367980275912773,13.857559666284507,,,,,
validation,cnn,11,6,13.688988098214436,16.585350565628072,,,,,
validation,cnn,11,7,16.04396439327904,20.547736766830457,,,,,
validation,cnn,11,8,14.660528225266594,19.261926953149548,,,,,
validation,cnn,11,9,14.97347260409946,19.15598163299567,,,,,
validation,cnn,11,10,16.769043724246302,21.068249712582205,,,,,
validation,cnn,11,11,15.876038136353383,21.076828227342464,,,,,
validation,cnn,11,12,18.227141356981697,22.139628924694964,,,,,
validation,cnn,11,13,19.864537340855193,23.895661178126073,,,,,
validation,cnn,11,14,20.569678273665,26.17249378063846,,,,,
validation,cnn,11,15,19.954080250991062,26.855425665453634,,,,,
validation,cnn,11,16,20.563937340065575,26.5872452664168,,,,,
validation,cnn,11,17,20.401752104869402,25.762832628458348,,,,,
validation,cnn,11,18,19.835132982697537,27.02617533801423,,,,,
validation,cnn,11,19,20.327572567758523,26.451217873804566,,,,,
validation,cnn,11,20,21.40740604151294,26.029754808364753,,,,,
validation,cnn,11,21,22.21984116432255,28.21926253910558,,,,,
validation,lstm,11,1,4.370030973974902,6.0737533311949,,,,,
validation,lstm,11,2,6.240113668468915,7.896761311077807,,,,,
validation,lstm,11,3,7.982919037538031,11.109246793242558,,,,,
validation,lstm,11,4,9.793390459139161,15.224966650187808,,,,,
validation,lstm,11,5,11.361643156437125,15.197620736289078,,,,,
validation,lstm,11,6,13.978998277090371,18.984175925933858,,,,,
validation,lstm,11,7,16.225372134424443,23.748136241644158,,,,,
validation,lstm,11,8,14.478976705512686,19.68736283418002,,,,,
validation,lstm,11,9,15.117511707856739,19.556026117646148,,,,,
validation,lstm,11,10,16.603727556311146,20.751434422244305,,,,,
validation,lstm,11,11,15.887600660148768,21.509623936105868,,,,,
validation,lstm,11,12,18.774812918101734,24.750722309651632,,,,,
validation,lstm,11,13,18.967600619729,24.069330684665925,,,,,
validation,lstm,11,14,19.4224009801722,27.10840526051075,,,,,
validation,lstm,11,15,19.01378981575108,25.906350229141314,,,,,
validation,lstm,11,16,20.617970040136782,27.61571486497817,,,,,
validation,lstm,11,17,20.570211407058288,30.743823877938812,,,,,
validation,lstm,11,18,19.42034115958605,27.829599846722726,,,,,
validation,lstm,11,19,21.711845791117028,32.15324344338455,,,,,
validation,lstm,11,20,23.989500849024118,36.19866264407513,,,,,
validation,lstm,11,21,22.135091715364606,30.884787949508105,,,,,
validation,qrnn,11,1,4.326019730830739,5.803735897166725,1.6559375404783732,3.0669172609865436,0.7058823529411765,9.17860717748156,31.745626368946287
validation,qrnn,11,2,6.541306944242909,8.341004090268228,2.492666366431403,4.629892176737199,0.7058823529411765,14.44718482937476,42.469567792986325
validation,qrnn,11,3,8.890619101347388,12.368869238251971,3.3548385393055264,6.2204600776113175,0.7058823529411765,18.91724233483907,61.49325882767269
validation,qrnn,11,4,10.840809118572984,16.65204826664915,4.2879545830167585,7.903727933292525,0.6470588235294118,20.9679062863856,97.3543097757257
validation,qrnn,11,5,12.49777940637641,16.943347178969532,4.830454976592328,8.938925844272614,0.6470588235294118,23.849236278974963,95.5754445011243
validation,qrnn,11,6,15.03923929857913,21.070674986627473,5.79412087446006,10.699439120136729,0.5882352941176471,24.514603414100634,123.75621653495455
validation,qrnn,11,7,16.775939802796614,23.959552283505264,6.539721032361531,12.055342246289765,0.7058823529411765,27.54952242461499,148.0510860788571
validation,qrnn,11,8,15.214188333887435,21.523114871969405,6.044258280966656,11.151950806218528,0.5882352941176471,30.215095689381755,132.8559710472458
validation,qrnn,11,9,16.234280295542884,22.41810574865233,6.495450875449558,12.019182572857195,0.5294117647058824,32.395591519255944,128.86963619878523
validation,qrnn,11,10,17.177650531227716,22.861730773948697,6.958099655203049,12.848865625256932,0.5294117647058824,32.73838358631939,148.60948785154483
validation,qrnn,11,11,16.465725900118947,23.44625216493475,6.899374597130443,12.681991436899242,0.6470588235294118,34.266865952808544,170.72811905943985
validation,qrnn,11,12,18.47106778565209,24.479318948853916,7.304329297722722,13.51036304363094,0.5882352941176471,38.50676167336495,147.14504881689277
validation,qrnn,11,13,19.976142881657985,26.34218198500313,7.95207651564722,14.696669842667774,0.6470588235294118,40.36909008689898,164.91021482477825
validation,qrnn,11,14,19.832877447731786,27.955714861306998,8.021288728487631,14.8245003747217,0.6470588235294118,43.80879264169626,166.37928376191942
validation,qrnn,11,15,19.150660286933704,28.39023922955849,7.9037251970390665,14.554001987070057,0.7058823529411765,42.82282333431665,185.23035492166775
validation,qrnn,11,16,21.031572356392697,30.011781859003104,8.461385559842451,15.614919458031958,0.6470588235294118,44.702626916343675,184.68524226748087
validation,qrnn,11,17,20.84218723557646,30.011394650541426,8.102060226383513,14.98219514554623,0.7058823529411765,44.43133601686623,164.68771383297738
validation,qrnn,11,18,20.093976734587077,30.570086156234566,7.746538571418256,14.31874873204584,0.8235294117647058,48.58476218192783,159.86982145953826
validation,qrnn,11,19,21.798867114174637,31.86201238240659,8.4373104807603,15.612699027848809,0.8235294117647058,51.25681990548801,167.27635423830347
validation,qrnn,11,20,22.116877340224757,31.520835104631857,8.480861112430317,15.669740419329427,0.6470588235294118,47.731550329507535,177.55827771526816
validation,qrnn,11,21,22.42654605221819,31.692664987609675,8.90992667242985,16.456614920685954,0.5882352941176471,45.55183171720727,188.89830277230308
validation,rnn,11,1,4.149587442013804,5.432444935817791,,,,,
validation,rnn,11,2,6.127105619749109,7.889464392355988,,,,,
validation,rnn,11,3,7.829934484457256,11.05140172502206,,,,,
validation,rnn,11,4,9.532975654665528,15.411290724917789,,,,,
validation,rnn,11,5,11.99536757254783,16.489171805417023,,,,,
validation,rnn,11,6,13.74332263935985,18.941505930376838,,,,,
validation,rnn,11,7,14.902829898203063,21.863402587711068,,,,,
validation,rnn,11,8,14.276242038519584,20.63436196627709,,,,,
validation,rnn,11,9,14.925012871041945,20.387143271046163,,,,,
validation,rnn,11,10,15.198631729411852,19.792518371035914,,,,,
validation,rnn,11,11,15.41579860235548,21.306707173292867,,,,,
validation,rnn,11,12,17.61575261253718,22.40359047998636,,,,,
validation,rnn,11,13,17.469015145165763,23.58118146063481,,,,,
validation,rnn,11,14,18.281044001679962,26.096850263761766,,,,,
validation,rnn,11,15,17.695758363210878,26.017556197969,,,,,
validation,rnn,11,16,19.35347038811933,27.866783070132442,,,,,
validation,rnn,11,17,18.903373635977147,27.921156214529013,,,,,
validation,rnn,11,18,18.93478557467087,27.328381135046076,,,,,
validation,rnn,11,19,19.429273386216874,26.725883522277734,,,,,
validation,rnn,11,20,21.25863862266376,29.150653283052563,,,,,
validation,rnn,11,21,21.258974657831406,30.431373192578715,,,,,
test,cnn,23,1,5.793164336010921,6.832826676124925,,,,,
test,cnn,23,2,11.852497205616098,14.051540217430196,,,,,
test,cnn,23,3,9.700933403557885,11.074954739670845,,,,,
test,cnn,23,4,10.665751091768637,13.496101913029982,,,,,
test,cnn,23,5,13.413056046794944,17.410064411666465,,,,,
test,cnn,23,6,12.483853413401372,15.152905116041337,,,,,
test,cnn,23,7,13.342892523125684,15.679931420188488,,,,,
test,cnn,23,8,15.21171019760898,19.788021097023552,,,,,
test,cnn,23,9,14.949515609735556,18.703401910806324,,,,,
test,cnn,23,10,15.747390404995201,19.761787180547604,,,,,
test,cnn,23,11,17.31586829649622,23.245231482641522,,,,,
test,cnn,23,12,17.342517671937582,21.814382012080728,,,,,
test,cnn,23,13,17.206509627876382,23.623861128052045,,,,,
test,cnn,23,14,17.40545533129531,25.15355097021406,,,,,
test,cnn,23,15,18.22568721151123,25.48705232298835,,,,,
test,cnn,23,16,17.29469701454931,24.456542968726243,,,,,
test,cnn,23,17,18.516952659321976,27.921948074850736,,,,,
test,cnn,23,18,17.84431814009973,25.51782377442627,,,,,
test,cnn,23,19,18.710382651611607,26.342910495631028,,,,,
test,cnn,23,20,18.3522274268567,27.188830198562115,,,,,
test,cnn,23,21,19.85507829754921,26.75930954827952,,,,,
test,lstm,23,1,5.665620814635167,6.622089662853918,,,,,
test,lstm,23,2,11.026741042200543,13.468706885003412,,,,,
test,lstm,23,3,9.347629229700273,10.975118756950627,,,,,
test,lstm,23,4,8.847146655160586,11.924272674251084,,,,,
test,lstm,23,5,12.608084835379943,16.74051928062211,,,,,
test,lstm,23,6,11.986856522237826,14.302634693117533,,,,,
test,lstm,23,7,12.64352825552739,14.489715991519159,,,,,
test,lstm,23,8,15.671839526622481,19.912735452400426,,,,,
test,lstm,23,9,14.628890529802272,18.26197934090696,,,,,
test,lstm,23,10,15.910324861765911,19.534432806077643,,,,,
test,lstm,23,11,18.380026610550388,23.546154939050744,,,,,
test,lstm,23,12,18.506199444006068,22.363820078301412,,,,,
test,lstm,23,13,17.52616624727741,22.58411654422098,,,,,
test,lstm,23,14,17.720003780467792,25.75528260254782,,,,,
test,lstm,23,15,18.0228573483565,25.242288289899545,,,,,
test,lstm,23,16,17.877358336858617,25.1799501330491,,,,,
test,lstm,23,17,18.56097904504344,28.08045485029534,,,,,
test,lstm,23,18,18.964434145912765,27.464684114696862,,,,,
test,lstm,23,19,18.74347922559686,27.639013574080227,,,,,
test,lstm,23,20,18.737677579915363,29.43474540256685,,,,,
test,lstm,23,21,18.484596157546196,27.6461393797976,,,,,
test,qrnn,23,1,5.999025411504591,7.010152616468384,2.2856720958885144,4.232812234097792,0.5294117647058824,11.040621677789371,43.98589923615424
test,qrnn,23,2,11.898778079244956,13.990155710475294,4.78548092712982,8.833505503743034,0.35294117647058826,18.079756835038335,103.5633031214497
test,qrnn,23,3,9.786145833537278,11.547877355076979,3.7632017606699417,6.962097334472589,0.6470588235294118,20.909248511921604,75.19440432011939
test,qrnn,23,4,10.62053564378473,13.514403691221656,4.3070234011543365,7.957907534257926,0.7058823529411765,28.517159888869134,90.17477117412463
test,qrnn,23,5,15.662258442964484,18.821823935224522,6.163334448711175,11.37811560479935,0.6470588235294118,30.058399170409846,132.88793910075339
test,qrnn,23,6,13.830946066051396,16.20987414576678,5.431597045771884,10.033253276141439,0.5294117647058824,29.49182766103778,114.71244433005617
test,qrnn,23,7,15.634669643158913,18.10262679039471,6.189233841000418,11.476630408980341,0.5294117647058824,35.34768269189527,113.16555556818182
test,qrnn,23,8,19.466143625379054,22.913954327049627,7.982728904386003,14.70710489875974,0.47058823529411764,36.480377145870655,184.03200782946556
test,qrnn,23,9,18.439443698083696,20.991388372455273,7.319039481984197,13.53096554395387,0.47058823529411764,41.04080405844764,150.08378872644025
test,qrnn,23,10,19.148470760651893,23.104911502981878,7.98208268247637,14.696751028911509,0.5294117647058824,40.42424560121362,187.68242711743608
test,qrnn,23,11,21.361157943483345,26.87402297689279,9.118298899034029,16.789580064813006,0.5294117647058824,46.07594533899115,214.07513734065915
test,qrnn,23,12,20.619558424751506,25.469147797600034,8.709266262312749,16.070581101668818,0.5882352941176471,51.89393619986881,190.8099186901605
test,qrnn,23,13,22.51376291843185,26.9738245882862,9.20364812311292,16.996242834184713,0.5882352941176471,53.07982250860305,196.27543989193532
test,qrnn,23,14,23.27915360349755,29.393791353926677,9.77751316520283,17.999535231017322,0.6470588235294118,52.3367256929593,231.0959131472227
test,qrnn,23,15,22.852103277191432,28.357915501258503,9.60782324951406,17.67147568773953,0.7058823529411765,52.92106311193706,233.35539453487578
test,qrnn,23,16,24.545549831541816,29.47023062885562,10.040590269929517,18.483688583116734,0.7058823529411765,52.86450384133857,237.37317189973794
test,qrnn,23,17,25.692796801809564,32.67240698577204,10.518374069061952,19.34136985203677,0.7058823529411765,51.341143744830624,257.4163516723743
test,qrnn,23,18,25.199337762880965,31.790233858095636,10.497241514989572,19.313628963800063,0.5882352941176471,54.545789031933126,252.45196587204893
test,qrnn,23,19,27.831543366842148,33.28178745454961,11.082392234732275,20.418675527205153,0.7058823529411765,57.89984926963683,255.1478875144662
test,qrnn,23,20,27.235881054648313,34.58857044498209,11.308448352476328,20.80961945404518,0.6470588235294118,56.455859768919446,270.57296626393827
test,qrnn,23,21,26.059057281460106,32.79365134223847,10.692344235796698,19.690589644251144,0.7647058823529411,64.99848356808953,249.94576150503204
test,rnn,23,1,5.598265380956302,6.47504374878633,,,,,
test,rnn,23,2,10.757097683807915,13.262864816072195,,,,,
test,rnn,23,3,9.372925917537998,11.136232127464854,,,,,
test,rnn,23,4,8.992704588510529,12.232074061639572,,,,,
test,rnn,23,5,12.782133049999814,17.099135325744484,,,,,
test,rnn,23,6,12.726330147758915,14.84083745963813,,,,,
test,rnn,23,7,13.634488971016628,15.72335740096909,,,,,
test,rnn,23,8,15.968518821913122,20.22686654405775,,,,,
test,rnn,23,9,15.499645702893053,19.26370798944934,,,,,
test,rnn,23,10,16.79291856969101,20.446105571200214,,,,,
test,rnn,23,11,18.98111315126763,24.32869572984168,,,,,
test,rnn,23,12,19.053325383103328,23.206876697561547,,,,,
test,rnn,23,13,18.468876636188167,24.246551806513395,,,,,
test,rnn,23,14,19.496400410310084,27.117949796096084,,,,,
test,rnn,23,15,19.61716170894129,26.87733029217117,,,,,
test,rnn,23,16,19.148486246172084,26.41852431944624,,,,,
test,rnn,23,17,19.48787594973425,29.663944732265357,,,,,
test,rnn,23,18,19.659111098471495,28.650753687893708,,,,,
test,rnn,23,19,20.392093415089786,29.27413704428896,,,,,
test,rnn,23,20,20.58157392864454,30.96101687948765,,,,,
test,rnn,23,21,20.650287779768387,29.263508152957215,,,,,
validation,cnn,23,1,4.377970083278311,5.823095510753293,,,,,
validation,cnn,23,2,6.177149899590254,8.179647093962304,,,,,
validation,cnn,23,3,8.320080046832505,11.262594202702887,,,,,
validation,cnn,23,4,10.823286169494525,15.6882173306364,,,,,
validation,cnn,23,5,12.26196520202986,16.321641479924917,,,,,
validation,cnn,23,6,14.915834141184295,20.303487325590915,,,,,
validation,cnn,23,7,16.902365053861466,23.920558691628532,,,,,
validation,cnn,23,8,14.401035190047086,20.601256852840425,,,,,
validation,cnn,23,9,16.017347963164106,21.817741024361073,,,,,
validation,cnn,23,10,17.957297193300644,23.704233187344023,,,,,
validation,cnn,23,11,17.452559029098136,24.189216576929226,,,,,
validation,cnn,23,12,19.34925117571623,24.88511127700316,,,,,
validation,cnn,23,13,20.93918566178134,27.177669029807554,,,,,
validation,cnn,23,14,20.92311640342846,28.206554114152638,,,,,
validation,cnn,23,15,20.434325445770597,28.954783800822923,,,,,
validation,cnn,23,16,22.294253318518475,30.1783474680055,,,,,
validation,cnn,23,17,22.374495003382286,30.551198130908137,,,,,
validation,cnn,23,18,19.811642865944187,28.719122275676057,,,,,
validation,cnn,23,19,22.22069475176449,31.624447226669748,,,,,
validation,cnn,23,20,22.035322689660774,30.319218054410324,,,,,
validation,cnn,23,21,24.62383446819486,32.647486828301695,,,,,
validation,lstm,23,1,4.210837098054145,5.689730116347208,,,,,
validation,lstm,23,2,6.122919707511248,7.7110432665111,,,,,
validation,lstm,23,3,8.292490719089512,11.477457363853176,,,,,
validation,lstm,23,4,9.882423378413062,14.395253167036582,,,,,
validation,lstm,23,5,11.83750134659297,15.70711221770608,,,,,
validation,lstm,23,6,14.446198926286877,19.693780238721118,,,,,
validation,lstm,23,7,16.44754550251789,25.137079545483864,,,,,
validation,lstm,23,8,14.354247108052727,19.893187897874306,,,,,
validation,lstm,23,9,15.416950269273604,20.993856345656535,,,,,
validation,lstm,23,10,16.538893909618288,20.674106345297005,,,,,
validation,lstm,23,11,16.749072341591134,23.66852863758061,,,,,
validation,lstm,23,12,17.96812129189442,23.245436467839852,,,,,
validation,lstm,23,13,18.964342352171652,23.807702462821332,,,,,
validation,lstm,23,14,18.32553086415106,25.4496832046008,,,,,
validation,lstm,23,15,19.976876946029947,28.180215100969114,,,,,
validation,lstm,23,16,21.50214579768428,30.274355589895915,,,,,
validation,lstm,23,17,20.283183312693964,28.485902013335565,,,,,
validation,lstm,23,18,19.297289832519926,29.824851825311644,,,,,
validation,lstm,23,19,21.367254657346024,30.312747674233567,,,,,
validation,lstm,23,20,21.102973307256274,30.363471634944897,,,,,
validation,lstm,23,21,22.185634514270905,30.48050893151623,,,,,
validation,qrnn,23,1,4.323893882840633,5.794014560064291,1.672511638163629,3.0945728094667153,0.5882352941176471,8.747331868456655,33.27972121767193
validation,qrnn,23,2,6.532718609517506,8.341416600757881,2.51556877162438,4.672105872983165,0.7058823529411765,14.450291871243932,42.98991724126242
validation,qrnn,23,3,8.91759575290417,12.4821461220529,3.393660097283958,6.280568799769343,0.6470588235294118,16.699383088769544,66.95415402807095
validation,qrnn,23,4,10.785034051205756,16.598219658578035,4.265753164568302,7.880424962515205,0.6470588235294118,22.46015574117005,89.80242006582826
validation,qrnn,23,5,12.54366743498117,17.039012330914446,4.840219873789616,8.952026597149217,0.6470588235294118,24.25747044841333,97.75646522042042
validation,qrnn,23,6,15.059610457582815,21.104598197161383,5.825168795074317,10.74512333560841,0.5882352941176471,23.711099529870047,129.07895001311653
validation,qrnn,23,7,16.776357852521556,23.837212986946493,6.549507510962326,12.078047185501065,0.7058823529411765,28.578378256181367,146.40683413094206
validation,qrnn,23,8,15.23721010233133,21.5969920216405,6.088871155711544,11.224026573231594,0.5882352941176471,28.790535066767283,137.9314490481364
validation,qrnn,23,9,16.354576466644343,22.59837097325225,6.537103396877698,12.081080098352217,0.5882352941176471,31.977419328332704,135.76654228616366
validation,qrnn,23,10,17.3062550215615,23.109402028486947,7.011408053576077,12.954969472107809,0.5294117647058824,31.987900377623163,146.68233187469588
validation,qrnn,23,11,16.542206185280044,23.502474240927885,6.879250907942468,12.679657385148383,0.5882352941176471,36.07966800316345,156.36773597692184
validation,qrnn,23,12,18.50497991111669,24.46017047809472,7.3544792871050415,13.600304841144851,0.6470588235294118,40.00066426365366,149.28232174189026
validation,qrnn,23,13,20.038387868116974,26.438886998565344,7.927263109253117,14.668622229880983,0.6470588235294118,41.63680741866181,157.27107107997543
validation,qrnn,23,14,19.921187975174238,27.869722186710227,8.038349756797977,14.84526110857199,0.6470588235294118,41.79145027042652,171.0413717376674
validation,qrnn,23,15,19.144259028742415,28.24183105876856,7.854895783570735,14.503689296303811,0.6470588235294118,41.95706482975954,168.24507699223304
validation,qrnn,23,16,21.14931650550232,30.153170505148744,8.439758295764314,15.593000901317126,0.6470588235294118,42.04175825780925,177.01594425403002
validation,qrnn,23,17,21.06496360511205,30.121450826257945,8.108787361054116,14.994203918959153,0.7647058823529411,41.62883721561933,164.99682681746603
validation,qrnn,23,18,20.280141695227357,30.733209233896098,7.806542386168532,14.425878973855301,0.7058823529411765,42.57744489434501,162.62062394596347
validation,qrnn,23,19,21.87577104777036,31.964155316670606,8.49410888049285,15.708293088915449,0.6470588235294118,46.56785318736138,172.20551360838658
validation,qrnn,23,20,22.18801568149382,31.50433015386645,8.557088744178737,15.832090852615512,0.7058823529411765,45.22120592244113,170.5511045296354
validation,qrnn,23,21,22.502286797312344,31.697697324292808,8.925870067806008,16.490839875103404,0.6470588235294118,50.83168950361659,187.3253014912054
validation,rnn,23,1,4.202473407004212,5.592549720880413,,,,,
validation,rnn,23,2,6.225316588765208,7.8210326325876585,,,,,
validation,rnn,23,3,8.389272664409203,11.152973104481891,,,,,
validation,rnn,23,4,10.358246498583133,15.695193737024837,,,,,
validation,rnn,23,5,12.461980988933254,16.517360605416787,,,,,
validation,rnn,23,6,13.812503803136265,19.000218417036518,,,,,
validation,rnn,23,7,15.705425965010162,22.139573528587018,,,,,
validation,rnn,23,8,14.501909771571619,20.309680061695154,,,,,
validation,rnn,23,9,13.717053916451535,18.669548960468997,,,,,
validation,rnn,23,10,16.158220053729597,21.317296742074916,,,,,
validation,rnn,23,11,15.827262001070281,22.571558297281044,,,,,
validation,rnn,23,12,17.922691966582768,23.570657943103217,,,,,
validation,rnn,23,13,18.338327578555553,24.039685375019793,,,,,
validation,rnn,23,14,17.70173322617671,24.872211657747737,,,,,
validation,rnn,23,15,19.61522791637308,29.596952712780173,,,,,
validation,rnn,23,16,19.490347168977763,28.761361764583118,,,,,
validation,rnn,23,17,19.63640144903762,28.552035876436268,,,,,
validation,rnn,23,18,17.69084262398612,26.55591543431588,,,,,
validation,rnn,23,19,20.608458012517715,30.341331438170617,,,,,
validation,rnn,23,20,20.413385076507012,28.954645054266972,,,,,
validation,rnn,23,21,22.88295355706287,32.70013581010332,,,,,
test,cnn,37,1,5.821901196443068,6.718990466050025,,,,,
test,cnn,37,2,11.734378361336132,13.93279349236128,,,,,
test,cnn,37,3,10.385843072373136,11.903813901198793,,,,,
test,cnn,37,4,9.733643382614998,12.603844074655132,,,,,
test,cnn,37,5,12.46407485304674,16.85202730237752,,,,,
test,cnn,37,6,10.872433591824741,14.014264225750338,,,,,
test,cnn,37,7,13.388825036303942,15.912018131637163,,,,,
test,cnn,37,8,14.865742215849336,18.682120712858886,,,,,
test,cnn,37,9,13.594862304818882,16.78909536011786,,,,,
test,cnn,37,10,14.293998325031216,17.731990019927764,,,,,
test,cnn,37,11,16.012028709148435,21.27808278425298,,,,,
test,cnn,37,12,16.594488548596047,21.293957496589844,,,,,
test,cnn,37,13,16.59104730316147,23.15786978406727,,,,,
test,cnn,37,14,15.857888546967127,23.515227082316425,,,,,
test,cnn,37,15,17.187564699563037,24.377691010772075,,,,,
test,cnn,37,16,15.698819778021917,22.4290436180622,,,,,
test,cnn,37,17,17.26584245787141,26.60368961598526,,,,,
test,cnn,37,18,17.77935304092488,25.360343205322664,,,,,
test,cnn,37,19,16.507926984916008,24.047084318899525,,,,,
test,cnn,37,20,20.088290422097128,29.257527074910595,,,,,
test,cnn,37,21,19.079920992911408,27.428406539521855,,,,,
test,lstm,37,1,5.667191160058549,6.640042049864121,,,,,
test,lstm,37,2,10.953863438060948,13.409460444877277,,,,,
test,lstm,37,3,9.320909288565524,11.127512600409416,,,,,
test,lstm,37,4,9.08417963002627,12.199511948267826,,,,,
test,lstm,37,5,12.539670550902589,16.729541787107234,,,,,
test,lstm,37,6,12.32651640829744,14.440919086202,,,,,
test,lstm,37,7,13.255445713841068,15.379808177942733,,,,,
test,lstm,37,8,15.452802009189194,19.669878771209845,,,,,
test,lstm,37,9,15.280790937475498,18.734040337614193,,,,,
test,lstm,37,10,15.811212530599448,19.40015894233729,,,,,
test,lstm,37,11,18.153565997694958,23.407151146559368,,,,,
test,lstm,37,12,18.266525331655536,22.143101487042237,,,,,
test,lstm,37,13,17.76153973666767,23.022915923267046,,,,,
test,lstm,37,14,18.004098226971596,25.678778130568624,,,,,
test,lstm,37,15,17.884793001601576,24.967024897229944,,,,,
test,lstm,37,16,17.706832954283918,24.861961107805126,,,,,
test,lstm,37,17,19.165854428649304,28.455175100672395,,,,,
test,lstm,37,18,19.22917981088956,27.783526366583242,,,,,
test,lstm,37,19,18.95605874528208,28.04028173490629,,,,,
test,lstm,37,20,18.731770958297403,29.398704864094906,,,,,
test,lstm,37,21,18.54570384840257,27.718666798905897,,,,,
test,qrnn,37,1,5.995851628711507,7.011878504086784,2.2669904482243357,4.19817084325441,0.5294117647058824,11.501408619684492,43.64440334873159
test,qrnn,37,2,11.912889412412358,14.011443204318311,4.7263060849974226,8.714317899093835,0.29411764705882354,17.673082817983303,106.265464960507
test,qrnn,37,3,9.8494266313422,11.59353407743876,3.7237707144344596,6.893948693759511,0.6470588235294118,21.63415781570311,72.48626546638512
test,qrnn,37,4,10.608721605263224,13.475734247243802,4.299532698719713,7.939380205538843,0.7058823529411765,26.859052185885513,91.89276881144501
test,qrnn,37,5,15.465455116658685,18.63954651393232,6.118390180313444,11.294257443178015,0.6470588235294118,31.23530644018831,132.27355976701023
test,qrnn,37,6,13.820022091649157,16.195784293533787,5.341940957472388,9.91645111020757,0.6470588235294118,35.048493291309285,93.2946835959865
test,qrnn,37,7,15.605265419898661,18.07295182400698,6.102580029802967,11.314025846064057,0.5294117647058824,35.13141847895321,112.35048422463251
test,qrnn,37,8,19.43079696950305,22.88414665585849,7.837031601245475,14.502932495451557,0.5294117647058824,42.0909892271569,154.97101876593703
test,qrnn,37,9,18.435704920617685,20.98727089059617,7.210738318005201,13.368476701891938,0.5882352941176471,44.779363734409515,132.77044092717816
test,qrnn,37,10,19.12193383051512,23.081585798106925,7.8942417914442515,14.559295593328795,0.5294117647058824,43.1727732524224,175.9055241661124
test,qrnn,37,11,21.51812466299315,26.916694988629796,9.010816478665662,16.61795844585354,0.5882352941176471,48.350066078486705,201.03714544448712
test,qrnn,37,12,20.667689589210145,25.4994720653969,8.657678490627278,16.00747418305166,0.5882352941176471,52.82620555573433,176.8459796560665
test,qrnn,37,13,22.324807940935052,26.90860312358895,9.121310195871779,16.84681103063107,0.5294117647058824,54.654797343740086,193.47133661012484
test,qrnn,37,14,23.554912852768922,29.391889365483504,9.69246633982682,17.877630529802136,0.6470588235294118,57.223239280115706,215.22220634752856
test,qrnn,37,15,22.99477195397942,28.39780041042482,9.531445312314482,17.58661814882979,0.7058823529411765,57.59331382953905,209.25117782709037
test,qrnn,37,16,24.621448922259738,29.45204539306195,9.938841943920067,18.342461899375635,0.7058823529411765,58.97830646385904,216.53511762899777
test,qrnn,37,17,25.77148607075757,32.63086581565588,10.423616500979826,19.19481800257066,0.7058823529411765,58.31333606081775,244.0213397164022
test,qrnn,37,18,25.44378680708624,31.93483778966119,10.379121578519928,19.143412099076386,0.7058823529411765,62.9114696873489,230.76756004459253
test,qrnn,37,19,27.762289247136046,33.35705466777392,10.957969334740334,20.215391686452826,0.7647058823529411,60.477169300342936,241.9000198215214
test,qrnn,37,20,27.71840891725726,34.867473467193875,11.14079741265104,20.53567472423579,0.7058823529411765,60.84591671180286,252.73614392047585
test,qrnn,37,21,26.126105883554064,32.82164778561272,10.641880982559131,19.62531694324695,0.7647058823529411,64.30930619593339,237.70276944615804
test,rnn,37,1,5.883920190747034,6.900802066253132,,,,,
test,rnn,37,2,11.171022769786154,14.118152841107003,,,,,
test,rnn,37,3,9.920975055879186,11.838215666563823,,,,,
test,rnn,37,4,9.291247378157296,12.56644678337861,,,,,
test,rnn,37,5,12.15380651362279,16.287656260972597,,,,,
test,rnn,37,6,13.567937316316742,15.359541010783078,,,,,
test,rnn,37,7,13.816914181981312,16.592677329991478,,,,,
test,rnn,37,8,15.678633988241911,20.646356816375416,,,,,
test,rnn,37,9,15.971721827345982,19.91960085860578,,,,,
test,rnn,37,10,17.019832234797974,21.35869615879077,,,,,
test,rnn,37,11,18.67053853603968,24.76418142276935,,,,,
test,rnn,37,12,19.403272125282548,24.11316734926525,,,,,
test,rnn,37,13,18.529642556926404,24.614052362329158,,,,,
test,rnn,37,14,18.758330670418285,27.49256373391746,,,,,
test,rnn,37,15,19.1944176572017,26.918271728142294,,,,,
test,rnn,37,16,18.67472470737192,26.478905648598236,,,,,
test,rnn,37,17,20.402235493118457,30.543472725989005,,,,,
test,rnn,37,18,21.059643295867744,29.807796969723924,,,,,
test,rnn,37,19,20.163254399665046,29.549496306921306,,,,,
test,rnn,37,20,19.594936236370256,30.81585771373363,,,,,
test,rnn,37,21,19.428873833779072,30.021768424759568,,,,,
validation,cnn,37,1,4.000800393358028,5.394776277096089,,,,,
validation,cnn,37,2,6.147942269259949,8.012797775346272,,,,,
validation,cnn,37,3,8.442412246680856,11.492975374450147,,,,,
validation,cnn,37,4,10.65781712798215,16.307134180970998,,,,,
validation,cnn,37,5,11.306243895689324,14.859870174735082,,,,,
validation,cnn,37,6,13.640451698308361,18.243681473487182,,,,,
validation,cnn,37,7,15.959239438136278,22.967139285017396,,,,,
validation,cnn,37,8,13.101228239230743,19.057035642787866,,,,,
validation,cnn,37,9,14.660325235553772,21.508828035372485,,,,,
validation,cnn,37,10,14.833871239852416,21.251563371986688,,,,,
validation,cnn,37,11,15.513044543265634,22.32565033566591,,,,,
validation,cnn,37,12,16.804616457477316,22.34732815138701,,,,,
validation,cnn,37,13,19.219905073014907,25.339668207229952,,,,,
validation,cnn,37,14,17.589926502017864,25.689389836241286,,,,,
validation,cnn,37,15,17.87711979317014,27.676720577837358,,,,,
validation,cnn,37,16,19.910199606073483,28.114253357118177,,,,,
validation,cnn,37,17,19.579489328469514,31.3244480837159,,,,,
validation,cnn,37,18,17.917670999936114,28.19707113489038,,,,,
validation,cnn,37,19,22.040614053587902,30.933843520849464,,,,,
validation,cnn,37,20,21.102790776794627,29.65832260795593,,,,,
validation,cnn,37,21,23.04781174156845,33.6996602862058,,,,,
validation,lstm,37,1,4.166339287251479,5.538281608242843,,,,,
validation,lstm,37,2,6.379051003076217,8.166454223018338,,,,,
validation,lstm,37,3,8.132028433979553,11.4066975736439,,,,,
validation,lstm,37,4,10.13784319496907,15.894337346332872,,,,,
validation,lstm,37,5,12.093997142577031,16.482030355074123,,,,,
validation,lstm,37,6,14.218420913288481,19.541804382966305,,,,,
validation,lstm,37,7,16.330487819135755,22.961052281923518,,,,,
validation,lstm,37,8,15.258272492123005,21.806715674851787,,,,,
validation,lstm,37,9,15.576431671119266,21.253571732418877,,,,,
validation,lstm,37,10,16.77458403065285,21.965184990215683,,,,,
validation,lstm,37,11,16.54991588850486,22.72292169806168,,,,,
validation,lstm,37,12,18.411847052787753,23.547937305016024,,,,,
validation,lstm,37,13,20.25201011758764,26.842078503190635,,,,,
validation,lstm,37,14,19.629242066748596,27.232211681309533,,,,,
validation,lstm,37,15,19.74728189565372,27.969012468509682,,,,,
validation,lstm,37,16,20.735167752029955,28.877121574502304,,,,,
validation,lstm,37,17,21.177136634994422,32.32917056428856,,,,,
validation,lstm,37,18,19.930177909365188,29.839001045299398,,,,,
validation,lstm,37,19,22.4058993111307,32.34785431474184,,,,,
validation,lstm,37,20,22.051815498743228,30.40311211125061,,,,,
validation,lstm,37,21,23.241225359255967,32.22089956238799,,,,,
validation,qrnn,37,1,4.328606010208121,5.797891650175764,1.6566574141984678,3.0672869769788225,0.6470588235294118,9.204299920756899,32.14484399930635
validation,qrnn,37,2,6.523456433763606,8.315506065417232,2.4856592507035513,4.615140711662837,0.6470588235294118,14.267989459949517,43.04474586956381
validation,qrnn,37,3,8.870507117807085,12.360838672363606,3.372259487411754,6.242927958850634,0.6470588235294118,17.440325616941635,65.74602689267952
validation,qrnn,37,4,10.805664990477135,16.640181062701718,4.262534426668428,7.863768333401849,0.6470588235294118,21.459546151520016,94.01883090726608
validation,qrnn,37,5,12.508626367798085,16.966572639114087,4.801197515189595,8.886756611030256,0.6470588235294118,25.028791500419107,94.20746713198997
validation,qrnn,37,6,15.108662165651545,21.183486350271036,5.774022731911192,10.66144671522019,0.6470588235294118,28.255512740281482,123.67859016442975
validation,qrnn,37,7,16.742318063765435,23.815156888084495,6.5025325223396235,12.000547045443046,0.6470588235294118,28.142613781941364,141.70589880089597
validation,qrnn,37,8,15.243712126422126,21.622842733671217,6.042025042919765,11.156714131808073,0.5882352941176471,32.674028573463815,129.2533798957928
validation,qrnn,37,9,16.27010521094028,22.458793613941285,6.478122227088852,11.987325934595981,0.5882352941176471,34.53001554616028,128.44251874913462
validation,qrnn,37,10,17.238273563629168,22.987966656198928,6.9917146496264655,12.894117625105467,0.5882352941176471,33.31814690957143,156.05608367392682
validation,qrnn,37,11,16.510636701244586,23.416570374701603,6.81729021055063,12.584456205680493,0.6470588235294118,37.815462871086645,147.358077746283
validation,qrnn,37,12,18.587659218875416,24.58325953763823,7.332831985816821,13.556027503978852,0.6470588235294118,40.651336746022494,150.54130762924302
validation,qrnn,37,13,20.020536387904798,26.411657729411477,7.925374587025561,14.654463707031452,0.6470588235294118,41.5774643208969,161.49920332684508
validation,qrnn,37,14,19.76996688001817,27.79599612234609,8.005233210289783,14.799465128960419,0.6470588235294118,45.28062929219267,164.19118823606868
validation,qrnn,37,15,19.17815923934086,28.27417154581281,7.862626511394405,14.510118935078431,0.7058823529411765,46.14616641320365,171.5485746283756
validation,qrnn,37,16,21.10575528070434,30.150638514200637,8.417207964929517,15.558458684836657,0.7647058823529411,46.03997471358493,173.69457941176884
validation,qrnn,37,17,20.97113966861257,30.10144481466455,8.08526974773885,14.943832318764906,0.7647058823529411,46.833799149091725,167.27208077556423
validation,qrnn,37,18,20.31785779292951,30.811480542278193,7.7243491810887495,14.282971793291715,0.8235294117647058,50.530439949985244,157.31666031076477
validation,qrnn,37,19,21.9204349534821,31.88106013765749,8.406922005007491,15.558524848018331,0.7058823529411765,48.39076087845329,165.85078459836012
validation,qrnn,37,20,22.207296687540932,31.493843486212022,8.470015869840593,15.68815118737607,0.7058823529411765,48.47984086290205,161.9515861284226
validation,qrnn,37,21,22.394441506563172,31.595509439570012,8.894730041922823,16.444263149780188,0.6470588235294118,50.30605923726857,182.2895719492726
validation,rnn,37,1,4.1368973150008586,5.439561544467482,,,,,
validation,rnn,37,2,6.178200329672232,7.859991438874544,,,,,
validation,rnn,37,3,7.788017285892569,11.360246570509986,,,,,
validation,rnn,37,4,9.198310834899457,15.369307414140474,,,,,
validation,rnn,37,5,11.876269960711237,17.115707303882505,,,,,
validation,rnn,37,6,13.27969791668553,19.000025345295143,,,,,
validation,rnn,37,7,14.4681775286886,21.179547513695077,,,,,
validation,rnn,37,8,14.16558790760966,19.462756503682737,,,,,
validation,rnn,37,9,15.653112196763171,21.010999034236036,,,,,
validation,rnn,37,10,15.991569612160992,20.38916152412991,,,,,
validation,rnn,37,11,16.76553687818486,22.173495331185798,,,,,
validation,rnn,37,12,18.344842752066505,22.8014149189707,,,,,
validation,rnn,37,13,19.40070117253563,24.014440508122583,,,,,
validation,rnn,37,14,21.73547113558722,29.152586273348163,,,,,
validation,rnn,37,15,22.106443525969812,30.329592391969644,,,,,
validation,rnn,37,16,24.499715642013975,33.76966059274041,,,,,
validation,rnn,37,17,22.49014155435537,30.109806028494646,,,,,
validation,rnn,37,18,24.17662695468441,36.41333113458091,,,,,
validation,rnn,37,19,23.07199737759123,31.424057844885077,,,,,
validation,rnn,37,20,23.596459361394473,31.66128675641376,,,,,
validation,rnn,37,21,24.274306279299037,33.18421780920223,,,,,
test,qrnn,53,1,5.988344247039663,7.008124318301357,2.287637370783158,4.231012657797357,0.47058823529411764,10.460658709297736,46.199338676257334
test,qrnn,53,2,11.883733732855342,13.99330518600574,4.739285265960249,8.762261929317694,0.35294117647058826,19.19285682858933,96.95203040271102
test,qrnn,53,3,9.824590186832454,11.609657138685087,3.748597717567374,6.9312678448703195,0.5294117647058824,19.91441637152217,76.42712740307658
test,qrnn,53,4,10.550061071419833,13.445710303704514,4.307307907896547,7.948017545723898,0.7058823529411765,23.953091754918777,94.34699171181612
test,qrnn,53,5,15.395005775121618,18.611539211234568,6.118430700943874,11.30701908093357,0.6470588235294118,31.84750600873437,127.19970034391629
test,qrnn,53,6,13.807136840231355,16.20023415046859,5.366351697276853,9.94569945253732,0.5882352941176471,33.16275032181855,100.14750891547928
test,qrnn,53,7,15.414650364619563,17.904220572432077,6.175152042763004,11.412438360232173,0.4117647058823529,31.870839605835673,128.1402084070139
test,qrnn,53,8,19.3262816057359,22.805892500453403,7.873419933357883,14.49808220677985,0.4117647058823529,36.33497884171261,184.56626664004932
test,qrnn,53,9,18.43155174933686,21.019600422812324,7.275714436966415,13.41108315757883,0.47058823529411764,37.192348703675464,165.1097090629425
test,qrnn,53,10,18.93460424876814,23.019739472106874,7.920196002128204,14.583940990698167,0.5294117647058824,39.95777430724396,185.77256533816788
test,qrnn,53,11,20.940960786967672,26.7065843611621,9.070771893619755,16.701804018728065,0.5294117647058824,45.40615803574113,213.06503165978597
test,qrnn,53,12,20.498851032269414,25.367722298145537,8.673975794000532,16.008409851203716,0.47058823529411764,49.469336403963965,188.8576629589162
test,qrnn,53,13,21.680944333395033,26.696851482820623,9.06987101131204,16.75242800318593,0.5294117647058824,52.004911060566975,192.13076732277761
test,qrnn,53,14,22.967940437701838,29.133558048979538,9.692689128068967,17.820173197590446,0.6470588235294118,50.601486137431735,238.37445829623587
test,qrnn,53,15,22.522743457495494,28.149723073124473,9.454877675907877,17.403195976161502,0.6470588235294118,52.772638987548845,224.4286432253859
test,qrnn,53,16,24.49761852279021,29.3810200649547,9.893395827914306,18.24625699519274,0.7058823529411765,56.36967089146129,220.47803113777437
test,qrnn,53,17,24.776352169991274,32.1036796217367,10.268176218282939,18.90165292522933,0.7058823529411765,60.412700045305826,243.15275580330024
test,qrnn,53,18,24.52099244163329,31.574004743566462,10.258548829298688,18.89765417151854,0.7058823529411765,59.45171026517147,237.4354416595866
test,qrnn,53,19,26.47733816941005,32.70195189710511,10.925065912617567,20.08011171366508,0.5294117647058824,49.445937197746055,271.0054081233206
test,qrnn,53,20,26.53891890554269,34.28646015753808,11.040417111545212,20.34028910588319,0.7058823529411765,63.66066809865463,254.60136242108456
test,qrnn,53,21,25.453729321335857,32.47650873674009,10.551516861362014,19.418354458849844,0.7647058823529411,61.340888068864174,251.81103109519347
validation,qrnn,53,1,4.298624986773855,5.7974896502007045,1.6636345830838708,3.0790911094546223,0.5882352941176471,8.648257844706874,32.72583936189294
validation,qrnn,53,2,6.538774652140162,8.351433608140546,2.4783540615276785,4.6098165179660215,0.7058823529411765,15.626412483391599,39.62247957462754
validation,qrnn,53,3,8.881832733470356,12.39042103581123,3.362259923220168,6.2208224970508645,0.6470588235294118,16.454407318138653,66.98854282698149
validation,qrnn,53,4,10.809568297087552,16.657575753636763,4.290983732717946,7.906941233486913,0.6470588235294118,20.205986890616366,98.37114347087318
validation,qrnn,53,5,12.515944894772531,16.98470942960177,4.815068526404725,8.908686554369037,0.6470588235294118,25.572151989447498,95.97745831997631
validation,qrnn,53,6,15.060692278840948,21.04765678657655,5.778913166098743,10.664254192783922,0.6470588235294118,27.40198366475353,126.27232912147586
validation,qrnn,53,7,16.816029933229764,23.829634501196637,6.554144630932658,12.078781370845487,0.6470588235294118,26.67886949053161,149.6373711706244
validation,qrnn,53,8,15.304790973351524,21.85932643272637,6.089436193144101,11.223915837893324,0.5882352941176471,29.43317757724182,138.40517163218604
validation,qrnn,53,9,16.308782539987345,22.460210673521342,6.512093588044211,12.023878287183994,0.5294117647058824,29.561165983637267,139.63981204000157
validation,qrnn,53,10,17.243655309907183,23.029789096511525,6.969300962518049,12.872488254975524,0.47058823529411764,31.598898357494758,147.6734295235064
validation,qrnn,53,11,16.437766619499932,23.40046217420713,6.827359480942784,12.573586527899934,0.6470588235294118,36.0816979235261,159.35859435654157
validation,qrnn,53,12,18.455437687732122,24.434671595795468,7.318104457332762,13.513898159936982,0.6470588235294118,39.15021063285131,156.2001235981063
validation,qrnn,53,13,19.938108134575796,26.3136514267348,7.910328441490518,14.634248196517916,0.6470588235294118,41.981117397853836,158.1503369256273
validation,qrnn,53,14,19.773433544138022,27.79998461744634,8.051121875751022,14.86792822332444,0.6470588235294118,41.77410727599624,171.68133624100022
validation,qrnn,53,15,19.159254830122972,28.304912074772155,7.888801244157512,14.537642942483952,0.7058823529411765,41.95770835217008,180.43176856612874
validation,qrnn,53,16,21.110402770440267,30.155221637103015,8.428478447179286,15.575459421665544,0.7647058823529411,45.241651744011165,175.45985119003828
validation,qrnn,53,17,20.953937456789475,30.141642023246753,8.084710088200092,14.963962877801023,0.7647058823529411,48.47364533763388,158.79451591166162
validation,qrnn,53,18,20.201808869392085,30.61809842901728,7.7482669159645345,14.326211728835693,0.8235294117647058,49.1085666080754,158.1981645987698
validation,qrnn,53,19,21.869681441272007,31.90420363078483,8.505555690260259,15.699456924527832,0.6470588235294118,40.67406986362647,184.43955478666393
validation,qrnn,53,20,22.005072755503924,31.171082015274493,8.498421747620634,15.73932830211971,0.7058823529411765,51.81041318662124,163.0692073437977
validation,qrnn,53,21,22.32471328249449,31.51663162377225,8.887961281481767,16.439669876833666,0.6470588235294118,50.03816377291109,178.98262319267712
test,qrnn,71,1,5.952359715267889,6.966193068390383,2.2656361280614346,4.204443969599314,0.5294117647058824,12.102179144844937,40.1058694869645
test,qrnn,71,2,11.91445988049332,14.013298627615765,4.743480384836387,8.761461208628297,0.35294117647058826,18.670437344303814,100.46060902433437
test,qrnn,71,3,9.868534017513536,11.579738217862728,3.716879691054381,6.891267846748157,0.6470588235294118,23.093914594662696,68.32142650206622
test,qrnn,71,4,10.625602069365796,13.518563937907436,4.306964030524298,7.959192993657658,0.7058823529411765,27.137635414981954,89.61546573540434
test,qrnn,71,5,15.499245075177964,18.67179768715334,6.1496222604295365,11.362043800426726,0.6470588235294118,31.64842482448855,128.89539775575645
test,qrnn,71,6,13.7537525766083,16.16315354931405,5.366811994868823,9.962108873741736,0.6470588235294118,35.579967793534216,93.93356660361042
test,qrnn,71,7,15.549390957781368,18.022165293050733,6.152815485255505,11.404998356331072,0.47058823529411764,35.04435028645235,114.14042626175518
test,qrnn,71,8,19.461294115545517,22.91777119391132,7.855233006146615,14.524613672904474,0.47058823529411764,41.37566233865476,160.13161550963736
test,qrnn,71,9,18.68165652733967,21.310456925536492,7.30310644321908,13.510529726965773,0.47058823529411764,41.766538043657796,146.14900606019114
test,qrnn,71,10,19.268899403463134,23.23063228264091,7.883982667911529,14.543113868798022,0.5294117647058824,42.52960709711855,174.58128009355275
test,qrnn,71,11,21.640237115743503,27.00840393168494,9.030201940293525,16.652886078300767,0.5882352941176471,48.30243598446183,201.79904330277387
test,qrnn,71,12,20.724874751790907,25.552015333895422,8.657020239005455,15.985265812294486,0.5882352941176471,51.64750574322782,185.22905672635193
test,qrnn,71,13,22.42017628351361,27.015871270708757,9.139344204907685,16.888134775190036,0.5294117647058824,51.67882280074971,190.64768565382315
test,qrnn,71,14,23.88548586733346,29.52239445572977,9.766025200264695,18.027169759613937,0.6470588235294118,56.98789432772247,211.31124835559436
test,qrnn,71,15,23.130421650684518,28.47242900536866,9.565237019871105,17.64113491071432,0.5294117647058824,52.65357698362521,213.1261708163111
test,qrnn,71,16,24.8470764059833,29.650793677512752,10.023691089303137,18.514415595305845,0.7058823529411765,58.01888803245235,212.2389897480466
test,qrnn,71,17,25.944909520897028,32.77931769721811,10.466769331944722,19.288984779296268,0.7058823529411765,59.67355707505376,239.15078055948234
test,qrnn,71,18,25.462202871609396,31.948730470497537,10.451482004175148,19.268784190111255,0.5882352941176471,59.500459426377205,235.61264712860913
test,qrnn,71,19,28.16433534281404,33.64581295983425,11.071995798331102,20.41543250551047,0.5882352941176471,60.15348694851173,248.5438045274499
test,qrnn,71,20,27.979411074862547,35.04706042887831,11.234806664619615,20.713916084673205,0.7058823529411765,60.241712797360336,252.8866312416257
test,qrnn,71,21,26.11018300306352,32.85688854208466,10.657502816451213,19.668394863943362,0.7647058823529411,66.63512353171775,232.34419492557595
validation,qrnn,71,1,4.304315209257708,5.723632509398388,1.66057964560773,3.078345224001759,0.6470588235294118,9.593951753440084,30.70244106117101
validation,qrnn,71,2,6.60427683201619,8.44688592701442,2.496557066790902,4.637572430593556,0.7058823529411765,14.418997758021794,42.354398523663455
validation,qrnn,71,3,8.863399377409932,12.36462980912475,3.3587607224128773,6.22075767148662,0.6470588235294118,17.733816078642114,64.35508043913867
validation,qrnn,71,4,10.766720216729777,16.613081560904774,4.260482776304028,7.864663261550597,0.6470588235294118,21.534595486399127,92.10160537082264
validation,qrnn,71,5,12.495422477563167,16.978582560709516,4.82364357605272,8.921589680483253,0.6470588235294118,24.755707021214864,97.33324560676546
validation,qrnn,71,6,14.99061350476587,20.762810622241116,5.788075212865359,10.687783695435641,0.6470588235294118,27.759487849664964,123.82368360341613
validation,qrnn,71,7,16.74718656731674,23.977481375755723,6.553077252356904,12.094342265598083,0.6470588235294118,27.922706024023313,142.60180555201342
validation,qrnn,71,8,15.3326255479111,21.85453210457021,6.088376884324155,11.24091851853943,0.5882352941176471,31.286250916117904,130.79902467058565
validation,qrnn,71,9,16.298026951944188,22.494449367776266,6.524479366896514,12.060816511179457,0.5294117647058824,31.396884655761482,134.27771436956814
validation,qrnn,71,10,17.19568375136484,22.929347515386347,6.984363959727409,12.886336174016208,0.5882352941176471,32.46867176412538,153.5821397863475
validation,qrnn,71,11,16.475036415567217,23.35543788930108,6.8585450242707,12.63858877182703,0.6470588235294118,36.8567097515965,157.05870971492064
validation,qrnn,71,12,18.624420932015703,24.657829968140355,7.317874414343811,13.532997054565238,0.6470588235294118,38.38121099293315,148.3857330752
validation,qrnn,71,13,19.924123336680868,26.285485472817317,7.926196781808038,14.67068676956033,0.5882352941176471,40.18728379611943,155.6348463499776
validation,qrnn,71,14,19.712099332147094,27.792433824294132,8.052123453807281,14.888685519627582,0.7058823529411765,44.48939225852711,164.13961704249996
validation,qrnn,71,15,19.16327083885558,28.271396926275767,7.901957248006041,14.554054242733272,0.7058823529411765,41.306097206533074,183.8658113912818
validation,qrnn,71,16,21.005404341251197,29.942004943250613,8.446167163642384,15.607101019457094,0.7058823529411765,44.946021565293485,176.24663658537173
validation,qrnn,71,17,20.91880138382451,30.061006232678107,8.100360791742931,14.976601256610198,0.7647058823529411,46.716108184830105,165.63369908054733
validation,qrnn,71,18,20.244819385902968,30.730459234748665,7.778126741019497,14.356123293266467,0.8235294117647058,46.54973900318107,168.92700586822892
validation,qrnn,71,19,21.912692982533574,31.920765287205793,8.529589822954339,15.756016837906854,0.7058823529411765,45.69106689205214,180.0815302825552
validation,qrnn,71,20,22.168948354905144,31.39943367206603,8.531482378009539,15.787100510737964,0.7058823529411765,46.783089671672215,169.08640299206343
validation,qrnn,71,21,22.39457863529675,31.553721922506703,8.938682166286691,16.529770182752095,0.6470588235294118,51.697429107676285,181.49037327704835
