model,horizon,n,MAE,RMSE,MAPE_%,rel_MAE_vs_naive
mean_reversion,1,110,4.938722133837687,6.990061131106941,7.775041473861755,0.9644058062561389
drift,1,110,5.1169087864675795,7.046796901674254,8.022363041729182,0.999201090893884
naive,1,110,5.1209999999999996,7.045916354366355,8.02325420535756,1.0
ets_log,1,110,5.186317043456122,7.1343832518475905,8.202638214141075,1.012754743889108
hgb_direct,1,110,5.413564431199049,7.439044171650954,8.503954401071677,1.0571303322005565
ensemble,1,110,5.686664341357332,7.791397440722326,8.557039196349386,1.1104597425028964
ridge_direct,1,110,11.304899200550278,14.231488382448699,16.182683503580712,2.207556961638406
mean_reversion,2,109,7.234311525578482,10.21616429989608,12.124591601981445,0.9577447151057953
naive,2,109,7.553486238532111,10.465742323663482,12.48924725226952,1.0
drift,2,109,7.558266598017691,10.478987089745571,12.516949831486453,1.0006328679677994
ets_log,2,109,7.670609581856709,10.665193823309796,12.738969286750606,1.0155058657189477
ensemble,2,109,7.868493407057693,10.976400524297766,12.46855410503256,1.0417035470215934
hgb_direct,2,109,8.31439181203383,11.286578067672703,13.550756753631447,1.1007356801181631
ridge_direct,2,109,13.216850615441617,16.634695067507607,19.20711365160489,1.749768278919918
mean_reversion,3,108,8.338901490226972,12.101224088083113,14.408578231730692,0.9241866030544629
naive,3,108,9.022962962962962,12.580347695836874,15.287330860280147,1.0
drift,3,108,9.037276998197258,12.608931432044214,15.350464594709937,1.001586400752508
ets_log,3,108,9.17575966556523,12.842060341875085,15.59840402679557,1.0169342047872147
ensemble,3,108,9.271338264357071,12.910990987956524,15.2614742761085,1.0275270221559845
hgb_direct,3,108,10.424373067411647,13.771682839253325,17.3418268330891,1.1553159544377083
ridge_direct,3,108,14.085835262392438,18.01783155043729,20.999998821807523,1.5611097286125764
mean_reversion,4,107,9.388391993074903,13.213150186090983,16.043408586798584,0.905766041150707
naive,4,107,10.365140186915887,13.929207497030372,17.30738310232168,1.0
drift,4,107,10.411172149868719,13.97477060919514,17.434259240966284,1.0044410362158862
ensemble,4,107,10.543713605547804,14.179266082630784,17.059104906738742,1.017228268543568
ets_log,4,107,10.555578495582736,14.244345944775143,17.678269118168554,1.0183729602526015
hgb_direct,4,107,12.130033844955573,15.647283613539111,19.820021047028515,1.1702720490232774
ridge_direct,4,107,15.00371775873531,19.1802283846514,22.102395741890835,1.447517109095619
mean_reversion,5,106,9.816299491031986,14.066238550085563,16.557742126445262,0.8403280026888087
ensemble,5,106,11.493595765313236,15.163810740116718,18.18575375477455,0.9839135798578652
naive,5,106,11.681509433962264,15.066649600647095,19.037393877071104,1.0
drift,5,106,11.762438882791303,15.130011429456678,19.22620574833435,1.006927995845618
ets_log,5,106,11.900416828651645,15.358750650607455,19.485164295456993,1.0187396496939805
hgb_direct,5,106,13.849903446377969,17.678862982813357,22.16920284777792,1.1856261833861488
ridge_direct,5,106,15.393362874689057,20.14320773507523,22.072842844249518,1.3177546071173925
mean_reversion,6,105,10.563820848497294,14.929245737477483,17.42247849868047,0.8368235060937584
ensemble,6,105,12.08117552082572,16.2741240180323,18.886498855890128,0.9570222556840872
naive,6,105,12.623714285714286,16.305450651618955,20.247609068323648,1.0
drift,6,105,12.753716386429241,16.38871945190537,20.52618888963779,1.0102982448566722
ets_log,6,105,12.87307231582409,16.569449306681275,20.76906328762158,1.0197531427332756
hgb_direct,6,105,15.005509620960664,18.757664487941042,23.479888198188164,1.188676270813714
ridge_direct,6,105,15.822450382223398,21.33218415775396,22.482142023148494,1.2533910403952175
mean_reversion,7,104,11.495425173312018,15.685234323018575,18.880679536994922,0.8420726457129122
ensemble,7,104,12.729718555322576,17.13421436708445,19.843840941615547,0.932488152586775
naive,7,104,13.651346153846154,17.391480562443387,21.65337218968911,1.0
drift,7,104,13.885544481227278,17.494784260662808,22.10283237412088,1.0171556947382174
ets_log,7,104,13.92813618565511,17.66059127377643,22.210945023305413,1.0202756584361443
ridge_direct,7,104,16.292716814237345,22.155308729774703,23.183394402272413,1.1934879264377167
hgb_direct,7,104,16.40307498496723,20.536752379012047,25.570046181010404,1.2015719768666038
mean_reversion,8,103,12.253386753123225,16.425246683372162,20.10937624670615,0.8183915103858149
ensemble,8,103,13.883958799602611,17.893303746083,21.506794827695614,0.9272957951192599
naive,8,103,14.97252427184466,18.455527469426528,23.528884633753048,1.0
drift,8,103,15.140909499292286,18.582067346451222,23.928905077587963,1.0112462818153027
ets_log,8,103,15.252634533960979,18.760428028082483,24.071450630363785,1.018708285725945
ridge_direct,8,103,16.87743885611981,22.68123773616215,23.89756807585322,1.1272273498903107
hgb_direct,8,103,17.753316218102,22.102330625214588,27.859388835898706,1.1857263274895153
mean_reversion,9,102,13.034819893252106,17.360890411204196,21.473324224838304,0.8081889423814448
ensemble,9,102,14.539773349772451,18.913539221508046,22.666244208764535,0.9014995329626102
naive,9,102,16.12843137254902,19.847716567433558,25.31615630112046,1.0
drift,9,102,16.443987285245488,20.00466485072197,25.951950679841257,1.0195651954866207
ets_log,9,102,16.464351846734584,20.192192063062393,25.931765850035678,1.020827845338841
ridge_direct,9,102,17.37000309352753,23.284884820415265,24.73135021711755,1.0769803145947408
hgb_direct,9,102,19.015090298458034,24.11802668111728,31.076719316552932,1.178979521270877
mean_reversion,10,101,13.650137579368717,18.268191647681725,22.476479210700003,0.7963769563452694
ensemble,10,101,15.154951930982868,19.89981899492037,23.58532393163399,0.8841709046652086
naive,10,101,17.140297029702975,21.266226768989817,26.795501903604425,1.0
drift,10,101,17.46498113354205,21.45763518997244,27.49292201441302,1.0189427349640685
ets_log,10,101,17.4912460546751,21.652518130943854,27.43153951745266,1.0204750842044308
ridge_direct,10,101,18.04203241280888,23.8765102023214,25.742148445603124,1.0526090873188054
hgb_direct,10,101,20.088368092524945,25.8381800501274,33.825124027623296,1.1719964979435982
mean_reversion,11,100,14.151090412991365,18.83054986393503,23.383319918133505,0.7974556875900305
ensemble,11,100,15.500929501095682,20.382007623600394,24.328599321196744,0.8735231019535136
naive,11,100,17.745299999999997,22.242998516387132,27.86298479291906,1.0
ridge_direct,11,100,17.952301584911865,23.920723019978205,25.936474140858955,1.0116651499220564
ets_log,11,100,18.13622103990492,22.672200842269234,28.546336195931023,1.0220295537356328
drift,11,100,18.223163312445593,22.471816431616265,28.81177750680716,1.0269290072551942
hgb_direct,11,100,20.158765349773194,26.226404123389724,35.26523401088404,1.1360058916881202
mean_reversion,12,99,14.521824801564655,19.176514571728525,23.943274001428243,0.7893032701530671
ensemble,12,99,16.018182316010666,20.57659006888021,25.14544252228973,0.8706346383254124
ridge_direct,12,99,18.095941055430895,23.8795680881972,26.471308043615704,0.9835668482937355
naive,12,99,18.398282828282827,22.939576251227017,28.755251743848486,1.0
ets_log,12,99,18.795901739995248,23.372469083410042,29.45287444728479,1.021611740368573
drift,12,99,18.8573403001873,23.202374128670755,29.72419212033962,1.0249511041975496
hgb_direct,12,99,19.1418291488224,25.48968805911057,34.06361517041093,1.0404138977250939
mean_reversion,13,98,14.46981569318307,19.44537121536054,23.76571911077986,0.7706749662673591
ensemble,13,98,16.15049040379784,20.540245598315835,25.116283665378948,0.8601891628109718
ridge_direct,13,98,17.809741145621192,23.456904914750393,26.22635381470272,0.9485623001472157
naive,13,98,18.775510204081634,23.473585502145397,28.912270210720198,1.0
ets_log,13,98,19.10728951027213,23.893492831170846,29.476847791106753,1.0176708543514503
drift,13,98,19.307636375865258,23.769285584498764,29.99650022342204,1.028341502627606
hgb_direct,13,98,20.982328621193357,26.935560900734437,36.435328642624185,1.117537067867907
mean_reversion,14,97,14.67438887399878,19.675905414588037,23.937155332762284,0.7758978930837603
ensemble,14,97,15.946388355644125,20.426306525286066,24.55424917064964,0.8431539625723506
ridge_direct,14,97,17.748243773650348,22.900896153016713,26.249108868041148,0.938425788505066
naive,14,97,18.91278350515464,23.956884381704363,28.618042510361423,1.0
ets_log,14,97,19.22424200829976,24.32305996071563,29.071053121771527,1.0164681472222339
drift,14,97,19.527777260145104,24.280964803867672,29.848587347140704,1.0325173581573992
hgb_direct,14,97,22.40983780781462,28.434874907402413,38.9314271599181,1.1849042633891973
mean_reversion,15,96,14.707904262337438,19.88632318868092,23.90433800529166,0.7753712550641644
ensemble,15,96,15.98584665766228,20.268909408463788,24.340687076247804,0.8427418186256962
ridge_direct,15,96,17.746715916244536,22.28368194293756,26.18713066175041,0.9355713191907103
naive,15,96,18.968854166666667,24.428055186779265,28.295055036418624,1.0
ets_log,15,96,19.115995447199968,24.691146772754674,28.207333286355823,1.0077569936086002
drift,15,96,19.61394972097318,24.777888460440035,29.550926808569187,1.034008145596908
hgb_direct,15,96,22.013230334018754,26.791558514883473,36.89047075024581,1.16049341413051
mean_reversion,16,95,14.65017719461334,20.165139937722532,23.84577113734675,0.7524202763057476
ensemble,16,95,16.01672330620964,20.276735512078666,24.42090219526188,0.8226048883560302
ridge_direct,16,95,17.402862725589703,21.970350162089645,25.92609483684137,0.8937957955425805
naive,16,95,19.47073684210526,25.078116482618658,28.90115382309399,1.0
ets_log,16,95,19.65609420381795,25.292146466218803,28.75052065963987,1.0095197918402274
drift,16,95,20.202454320417772,25.468896029782037,30.278384564825984,1.037580369158407
hgb_direct,16,95,22.00229091214202,26.45492958806735,36.19447186317748,1.1300184009760894
mean_reversion,17,94,14.706963064708008,20.541768235067067,24.143003292128107,0.7528273630204225
ensemble,17,94,15.808531805158578,20.52365669988834,24.695489204600783,0.809215013306236
ridge_direct,17,94,17.78813536587789,22.172846716648717,26.75969009486422,0.9105479480450468
naive,17,94,19.53563829787234,25.935988653737656,29.508508102060105,1.0
ets_log,17,94,19.705227298062695,26.241794158685998,29.580077641296533,1.0086810063538505
drift,17,94,20.299967810243626,26.379843114432557,30.98655381721051,1.0391248804219788
hgb_direct,17,94,21.79602816510792,26.481813222456598,36.861607805003814,1.1157059642879323
mean_reversion,18,93,14.91568838152779,20.96168132499031,24.68627248631518,0.7511515178247177
ensemble,18,93,15.682731363260006,21.000760915667207,25.090121482248186,0.7897796712982441
ridge_direct,18,93,18.532934532955974,23.097278684415826,27.892594241926023,0.9333154158286388
naive,18,93,19.85709677419355,26.916279420630605,30.608843963979194,1.0
ets_log,18,93,20.056326878415177,27.331507750850616,30.83805546616591,1.0100331940004719
hgb_direct,18,93,20.315179441989272,25.214736534875225,35.34153087080414,1.0230689648645441
drift,18,93,20.67573286099621,27.415112467649493,32.201935920438736,1.0412263734276888
mean_reversion,19,92,15.031983647825552,21.158618919258206,24.93060741867388,0.7367912793955985
ensemble,19,92,16.02006341886998,21.18591736090302,25.616597430656434,0.785221917407771
hgb_direct,19,92,18.42029346380142,23.679723704213803,32.70186953670482,0.9028689696585634
ridge_direct,19,92,19.347741662513158,24.271446604892503,28.720406837895002,0.9483277567961355
naive,19,92,20.401956521739134,27.547309818943653,31.437516318305335,1.0
ets_log,19,92,20.62153574969185,27.977430554392782,31.737839133330777,1.0107626554207556
drift,19,92,21.223707956118368,28.09567293322026,33.091735064565704,1.0402780700715455
mean_reversion,20,91,15.146605550520093,21.240649730735196,25.11341149790704,0.731964879211781
ensemble,20,91,16.03124807388527,21.03288069190964,25.491780350955313,0.7747155308743485
hgb_direct,20,91,18.119911546263644,24.774510505915515,33.37731728819698,0.875650905547851
ridge_direct,20,91,20.389672117541835,25.60295073328802,29.58943519502218,0.9853378592916392
naive,20,91,20.693076923076923,27.917984140362616,31.599741621046977,1.0
ets_log,20,91,20.88369486108608,28.3182893620256,31.881565854687814,1.0092116768674735
drift,20,91,21.52433268701706,28.501797348103327,33.300026038266516,1.0401707183049769
mean_reversion,21,90,15.27043808904471,21.4138974178739,25.340736951305015,0.7293362917123621
ensemble,21,90,16.264938189483743,21.145239287444262,25.714210078248183,0.7768349300050079
hgb_direct,21,90,18.099631547226505,25.289606669902746,33.876825393641404,0.864462307959894
naive,21,90,20.937444444444445,28.349458803378322,31.813410845197645,1.0
ets_log,21,90,21.132056546168084,28.81283902236581,32.058340548233424,1.0092949310141466
ridge_direct,21,90,21.510028891465755,27.12634926309639,30.553924653486288,1.0273473894362137
drift,21,90,21.796256474971553,28.973312538860323,33.59026763223738,1.0410179968623146
