date,naive,drift,ets_log,mean_reversion,ridge_direct,hgb_direct,ensemble,naive_lower,naive_upper,drift_lower,drift_upper,ets_log_lower,ets_log_upper,mean_reversion_lower,mean_reversion_upper,ridge_direct_lower,ridge_direct_upper,hgb_direct_lower,hgb_direct_upper,ensemble_lower,ensemble_upper
2026-04-01,103.13,103.311,103.184,100.615,129.41,114.742,109.085,88.549,120.112,88.732,120.287,88.521,120.275,85.77,118.029,92.349,181.343,97.206,135.44,93.696,127.001
2026-05-01,103.13,103.493,103.237,98.298,128.527,108.36,108.298,82.488,128.938,82.511,129.81,81.803,130.287,76.868,125.702,88.268,187.15,85.638,137.111,87.354,134.263
2026-06-01,103.13,103.674,103.29,96.159,123.364,106.678,106.486,76.911,138.288,77.731,138.276,75.923,140.523,70.815,130.575,79.959,190.33,78.932,144.177,82.818,136.918
2026-07-01,103.13,103.856,103.343,94.184,117.69,110.827,104.587,74.483,142.795,74.862,144.078,73.477,145.349,65.405,135.626,74.2,186.668,77.002,159.511,77.973,140.285
2026-08-01,103.13,104.037,103.396,92.356,115.78,109.329,103.666,70.828,150.164,71.128,152.172,71.011,150.551,60.055,142.031,73.615,182.097,71.262,167.733,74.383,144.477
2026-09-01,103.13,104.219,103.449,90.664,111.396,88.709,102.16,69.284,153.51,69.945,155.287,67.138,159.398,55.963,146.881,67.078,184.994,58.176,135.267,70.311,148.435
2026-10-01,103.13,104.4,103.501,89.095,109.176,91.533,101.225,65.702,161.879,66.53,163.827,64.348,166.476,53.329,148.849,62.575,190.479,57.416,145.922,66.952,153.044
2026-11-01,103.13,104.582,103.553,87.639,109.854,96.122,101.044,63.373,167.829,64.656,169.162,61.026,175.715,50.277,152.765,61.1,197.511,60.633,152.383,65.788,155.194
2026-12-01,103.13,104.763,103.605,86.287,106.776,95.786,99.949,61.563,172.762,62.81,174.739,60.109,178.576,48.903,152.249,61.237,186.181,57.017,160.917,64.176,155.664
2027-01-01,103.13,104.944,103.656,85.029,105.865,91.123,99.42,59.461,178.87,60.988,180.581,58.98,182.175,46.281,156.219,57.173,196.025,50.693,163.799,62.143,159.059
2027-02-01,103.13,105.126,103.708,83.859,106.565,96.61,99.316,58.653,181.335,58.563,188.709,57.009,188.661,44.649,157.503,55.228,205.624,54.325,171.806,60.457,163.152
2027-03-01,103.13,105.307,103.759,82.77,108.175,82.552,99.458,56.712,187.54,57.095,194.232,55.222,194.957,42.71,160.404,58.58,199.756,44.993,151.464,62.548,158.151
2027-04-01,103.13,105.489,103.81,81.754,107.3,80.22,98.999,54.493,195.176,55.203,201.582,53.054,203.121,41.21,162.186,58.122,198.09,43.497,147.948,60.648,161.599
2027-05-01,103.13,105.67,103.86,80.807,104.883,69.089,98.17,53.236,199.786,53.477,208.804,52.48,205.545,39.415,165.668,58.971,186.543,36.031,132.478,59.214,162.755
2027-06-01,103.13,105.852,103.911,79.924,106.325,62.725,98.322,52.784,201.496,53.316,210.153,50.692,213.003,38.301,166.78,60.471,186.948,34.931,112.636,60.2,160.585
2027-07-01,103.13,106.033,103.961,79.098,109.273,64.693,98.866,51.001,208.542,52.222,215.292,50.224,215.194,36.486,171.48,63.921,186.804,35.106,119.216,60.813,160.73
2027-08-01,103.13,106.214,104.011,78.327,111.149,62.271,99.154,51.229,207.611,50.893,221.672,48.942,221.044,35.719,171.761,64.103,192.722,33.432,115.989,58.629,167.69
2027-09-01,103.13,106.396,104.061,77.606,106.306,63.572,97.776,49.439,215.129,50.869,222.536,48.536,223.106,34.255,175.817,63.459,178.082,36.542,110.596,56.832,168.216
2027-10-01,103.13,106.577,104.11,76.932,105.129,58.429,97.325,48.444,219.548,49.956,227.374,46.849,231.359,33.267,177.91,61.995,178.272,36.867,92.601,59.496,159.208
2027-11-01,103.13,106.759,104.16,76.301,109.046,75.631,98.159,48.051,221.344,49.359,230.908,45.243,239.798,31.835,182.875,62.399,190.564,43.945,130.164,57.972,166.204
2027-12-01,103.13,106.94,104.209,75.71,111.507,80.836,98.639,48.171,220.792,49.43,231.362,45.391,239.242,31.272,183.295,62.93,197.584,49.408,132.257,57.015,170.65
