model,horizon,n,covered,coverage,log_half_width,mean_width,pinball_lower,pinball_upper,interval_score,calibration_n,calibration_target_cutoff
drift,1,50,48,0.96,0.1553663858795212,25.8280729884894,0.6049410269770702,1.161798224478678,35.334785029114954,296,2021-12-31
drift,2,49,47,0.9591836734693877,0.2331976490340485,39.14452663959864,0.8404941976042901,1.6551987576301097,49.91385910468799,295,2021-12-31
drift,3,48,46,0.9583333333333334,0.2976433753495139,50.54212458196785,1.0317182467984078,1.9211430247051944,59.057225430072016,294,2021-12-31
drift,4,47,46,0.9787234042553191,0.33198451587774236,56.97637698437154,1.0514447298137797,2.088103443152468,62.790963459324935,293,2021-12-31
drift,5,46,45,0.9782608695652174,0.4008357812300025,69.85144408578502,1.1982889630671567,2.425214991030307,72.47007908194924,292,2021-12-31
drift,6,45,44,0.9777777777777777,0.40952286909643915,71.94627044093274,1.19088819081028,2.4406639883410177,72.63104358302591,291,2021-12-31
drift,7,44,44,1.0,0.4835841208310207,86.42393786348892,1.3062020865641608,3.0149948066102867,86.42393786348892,290,2021-12-31
drift,8,43,43,1.0,0.5280986773154673,95.69437286342469,1.380378873738913,3.404339769432324,95.69437286342469,289,2021-12-31
drift,9,42,42,1.0,0.5557983915672582,101.79558404773755,1.4224572023436104,3.6673220000432685,101.79558404773755,288,2021-12-31
drift,10,41,41,1.0,0.5833361383084493,108.016831758114,1.4577750671061729,3.9430665207995292,108.016831758114,287,2021-12-31
drift,11,40,40,1.0,0.6115726555217801,114.79114430668596,1.4897817868639458,4.249775428470356,114.79114430668596,286,2021-12-31
drift,12,39,39,1.0,0.6243832953615222,118.35381871463976,1.4988629829038518,4.418827952828141,118.35381871463976,285,2021-12-31
drift,13,38,38,1.0,0.6912985919683179,133.73771274532157,1.6327795108343597,5.054106126431725,133.73771274532157,284,2021-12-31
drift,14,37,37,1.0,0.6886003453211097,133.87087605909832,1.6073838362502024,5.086159966704719,133.87087605909832,283,2021-12-31
drift,15,36,36,1.0,0.7039997704874322,137.95712622858952,1.630349489470818,5.267506821958663,137.95712622858952,282,2021-12-31
drift,16,35,35,1.0,0.7142798058355142,141.2016605987103,1.6285004119297721,5.4315826180057485,141.2016605987103,281,2021-12-31
drift,17,34,34,1.0,0.7392890192683934,147.96033709595935,1.671702328319776,5.726314526478196,147.96033709595935,280,2021-12-31
drift,18,33,33,1.0,0.7379214840470928,148.57343418678508,1.6583216563342469,5.770350053005011,148.57343418678508,279,2021-12-31
drift,19,32,32,1.0,0.7376889561827323,149.58277399421326,1.6374710123866447,5.841667687324023,149.58277399421326,278,2021-12-31
drift,20,31,31,1.0,0.739285011683889,150.7404950493874,1.6149371621833788,5.9220875902859955,150.7404950493874,277,2021-12-31
drift,21,30,30,1.0,0.734855476742626,150.219563792731,1.5688129881425965,5.942165201493955,150.219563792731,276,2021-12-31
ensemble,1,50,45,0.9,0.14583091619645483,23.934574085774507,0.7531253256130428,1.15951434123632,38.25279333698725,59,2021-12-31
ensemble,2,49,45,0.9183673469387755,0.21491494072001197,35.36864186346557,1.01510807203135,1.6414130307368093,53.13042205536318,58,2021-12-31
ensemble,3,48,46,0.9583333333333334,0.28047593677451343,46.396506009045915,1.1878904383973399,1.8145833676852543,60.04947612165187,57,2021-12-31
ensemble,4,47,46,0.9787234042553191,0.35618952172689666,59.49345188133746,1.2106393180823543,2.116339475169372,66.53957586503452,56,2021-12-31
ensemble,5,46,45,0.9782608695652174,0.38813256773998517,65.18067231028849,1.2619084756049146,2.280085661684093,70.83988274578013,55,2021-12-31
ensemble,6,45,43,0.9555555555555556,0.3736121643346571,62.71646857504228,1.2973668301409986,2.1856755514717654,69.66084763225525,54,2021-12-31
ensemble,7,44,42,0.9545454545454546,0.413378201975702,69.8227885255173,1.2419838968735017,2.3949027494887294,72.73773292724458,53,2021-12-31
ensemble,8,43,42,0.9767441860465116,0.42911805956268784,72.73050118171669,1.2557719355389863,2.3964277220568686,73.04399315191706,52,2021-12-31
ensemble,9,42,42,1.0,0.46636664008386053,79.5121131961899,1.3392765590039934,2.6363291008055034,79.5121131961899,51,2021-12-31
ensemble,10,41,41,1.0,0.5360479802832364,92.53585528113392,1.4922595354508308,3.1345332286058674,92.53585528113392,50,2021-12-31
ensemble,11,40,40,1.0,0.5117786104809949,88.30753776734986,1.4071320652314556,3.0082448231360397,88.30753776734986,49,2021-12-31
ensemble,12,39,39,1.0,0.550808536970592,96.00922559373724,1.4897859786290408,3.3106753010578234,96.00922559373724,48,2021-12-31
ensemble,13,38,38,1.0,0.5412774305295359,94.35431565028263,1.4561635389587912,3.261552243555342,94.35431565028263,47,2021-12-31
ensemble,14,37,37,1.0,0.5526764043385837,96.72620632275812,1.4719548112705036,3.3643555048674054,96.72620632275812,46,2021-12-31
ensemble,15,36,36,1.0,0.5584609114405793,97.99871498772418,1.4803849105095712,3.4195508388766402,97.99871498772418,45,2021-12-31
ensemble,16,35,35,1.0,0.610358256950767,108.54747472894735,1.5825384304004038,3.844835306046967,108.54747472894735,44,2021-12-31
ensemble,17,34,34,1.0,0.5726040368736391,101.46129407424445,1.4889652276168075,3.584099476095418,101.46129407424445,43,2021-12-31
ensemble,18,33,33,1.0,0.5648114481412426,100.27746771576419,1.4657504162844952,3.548122969503717,100.27746771576419,42,2021-12-31
ensemble,19,32,32,1.0,0.679032609271999,123.98394651119362,1.7089869337375796,4.490210391822105,123.98394651119362,41,2021-12-31
ensemble,20,31,31,1.0,0.7625970968979129,142.50440092662419,1.8590259435453438,5.266194102785872,142.50440092662419,40,2021-12-31
ensemble,21,30,30,1.0,0.5907747508206443,106.57824780766268,1.4537196804505783,3.8751927099325587,106.57824780766268,39,2021-12-31
ets_log,1,50,48,0.96,0.15583987008350447,25.8766633286248,0.6108235008451728,1.1611895169315962,35.44026035553537,296,2021-12-31
ets_log,2,49,47,0.9591836734693877,0.23644340206778286,39.60508567040196,0.8589673119034038,1.656094948760571,50.301245213279486,295,2021-12-31
ets_log,3,48,46,0.9583333333333334,0.3118556082458318,52.84232645700356,1.0520665576850001,1.9617148478856432,60.275628111412836,294,2021-12-31
ets_log,4,47,46,0.9787234042553191,0.353240147968882,60.48109770064146,1.129109341126133,2.1529155538102773,65.6404978987282,293,2021-12-31
ets_log,5,46,45,0.9782608695652174,0.414635006717836,71.95876727741982,1.2539314259147247,2.4568668186747074,74.2159648917886,292,2021-12-31
ets_log,6,45,45,1.0,0.4658873510767189,81.92482833585488,1.3312939660979364,2.76494745069481,81.92482833585488,291,2021-12-31
ets_log,7,44,44,1.0,0.5142341264623067,91.59089537939178,1.4077015812997613,3.1718431876698308,91.59089537939178,290,2021-12-31
ets_log,8,43,43,1.0,0.5605161260269514,101.17845189373257,1.485398381757422,3.573524212929209,101.17845189373257,289,2021-12-31
ets_log,9,42,42,1.0,0.5949005488180482,108.5768846725778,1.5440381575369755,3.8848060760919183,108.5768846725778,288,2021-12-31
ets_log,10,41,41,1.0,0.610608994791629,112.30578480552816,1.551970119683405,4.063319120593006,112.30578480552816,287,2021-12-31
ets_log,11,40,40,1.0,0.6282607491084395,116.75849742088285,1.5604761405240377,4.277448730520108,116.75849742088285,286,2021-12-31
ets_log,12,39,39,1.0,0.6732085159401346,127.06722971335282,1.6449867891281713,4.708374696539471,127.06722971335282,285,2021-12-31
ets_log,13,38,38,1.0,0.6943838240617378,132.3252315354699,1.674600520135246,4.941661056638255,132.3252315354699,284,2021-12-31
ets_log,14,37,37,1.0,0.7047898763528861,135.20081891609607,1.6811026906890463,5.0789382551157605,135.20081891609607,283,2021-12-31
ets_log,15,36,36,1.0,0.7265337688059939,140.52961065542817,1.7195811467929618,5.306899385978451,140.52961065542817,282,2021-12-31
ets_log,16,35,35,1.0,0.7352569184703855,143.24519569930422,1.7167215105785918,5.445538274386623,143.24519569930422,281,2021-12-31
ets_log,17,34,34,1.0,0.7538882143692733,148.30623122360385,1.747518828719113,5.667792732461084,148.30623122360385,280,2021-12-31
ets_log,18,33,33,1.0,0.7626729035469199,151.11837039111052,1.7588181307794404,5.79710038877609,151.11837039111052,279,2021-12-31
ets_log,19,32,32,1.0,0.8067390255680137,162.58375310126982,1.8329667687496274,6.2962208863138684,162.58375310126982,278,2021-12-31
ets_log,20,31,31,1.0,0.815362544951246,165.335805415843,1.8278644192770581,6.438925851515097,165.335805415843,277,2021-12-31
ets_log,21,30,30,1.0,0.8156803859706347,165.8039606732109,1.7955748245357477,6.494623209124802,165.8039606732109,276,2021-12-31
hgb_direct,1,50,48,0.96,0.18712611822629588,30.920855002804945,0.7425179978121176,1.1501795882187826,37.85395172061799,59,2021-12-31
hgb_direct,2,49,45,0.9183673469387755,0.23532965824617144,38.90110767779564,0.8980746682537383,1.7009103663610254,51.97970069229526,58,2021-12-31
hgb_direct,3,48,47,0.9791666666666666,0.3799551980032248,64.05121143336542,1.2841750842681234,2.2942343067543822,71.56818782045008,57,2021-12-31
hgb_direct,4,47,46,0.9787234042553191,0.3910888432460255,67.55552709720918,1.2266130327288423,2.476305371288263,74.05836808034209,56,2021-12-31
hgb_direct,5,46,45,0.9782608695652174,0.4377069844311199,77.06579970914743,1.2868698391146638,2.596527040508201,77.66793759245725,55,2021-12-31
hgb_direct,6,45,45,1.0,0.44899888761815165,79.446150113722,1.262197487307719,2.7101100183783835,79.446150113722,54,2021-12-31
hgb_direct,7,44,43,0.9772727272727273,0.4443942679069157,78.08185965011027,1.2304778797357825,2.809174724657497,80.79305208786556,53,2021-12-31
hgb_direct,8,43,43,1.0,0.4625510467641396,83.8548665603507,1.1771312707127284,3.015612057304808,83.8548665603507,52,2021-12-31
hgb_direct,9,42,42,1.0,0.6004151902300886,109.55830254445118,1.5601687793089785,3.9177463479135834,109.55830254445118,51,2021-12-31
hgb_direct,10,41,40,0.975609756097561,0.628177317393727,117.63802574637683,1.559202548284091,4.366584017245142,118.51573131058458,50,2021-12-31
hgb_direct,11,40,40,1.0,0.662864203593817,121.75667307305443,1.68159351811466,4.406240135538065,121.75667307305443,49,2021-12-31
hgb_direct,12,39,39,1.0,0.7245138474757699,127.61070747172474,1.9213936389981183,4.459141734588122,127.61070747172474,48,2021-12-31
hgb_direct,13,38,38,1.0,0.813538608914686,146.18061760340805,2.085267817499607,5.223763062670798,146.18061760340805,47,2021-12-31
hgb_direct,14,37,37,1.0,0.9598815666696691,178.60611749604138,2.331234273480601,6.599071601321473,178.60611749604138,46,2021-12-31
hgb_direct,15,36,36,1.0,0.8088244842756387,146.826915067779,2.047663500814208,5.293682252574746,146.826915067779,45,2021-12-31
hgb_direct,16,35,35,1.0,0.7192852984469057,127.28847976401953,1.8739632907233255,4.490460697477654,127.28847976401953,44,2021-12-31
hgb_direct,17,34,34,1.0,0.6703733998272154,120.96022382734795,1.7128890019935472,4.3351221893738545,120.96022382734795,43,2021-12-31
hgb_direct,18,33,33,1.0,0.6490072646728686,116.02014781915992,1.680414790742742,4.120592600215258,116.02014781915992,42,2021-12-31
hgb_direct,19,32,32,1.0,0.6577690933120754,116.77121057379388,1.7138201414056558,4.124740387284042,116.77121057379388,41,2021-12-31
hgb_direct,20,31,31,1.0,0.8617973586586181,165.90137048296592,2.038976602739204,6.256091921409097,165.90137048296592,40,2021-12-31
hgb_direct,21,30,30,1.0,0.9134864358362794,182.48709783339388,2.062628297451317,7.061726594218381,182.48709783339388,39,2021-12-31
mean_reversion,1,50,48,0.96,0.16515094430889526,27.03512402874411,0.6948712291065036,1.1553084890811116,37.0035943637523,296,2021-12-31
mean_reversion,2,49,47,0.9591836734693877,0.2492161339458197,40.595307071135004,0.9927955447666135,1.5916686138655527,51.689283172643314,295,2021-12-31
mean_reversion,3,48,47,0.9791666666666666,0.3130480086355822,50.82776486875815,1.1780199452991804,1.7189619028294791,57.93963696257318,294,2021-12-31
mean_reversion,4,47,46,0.9787234042553191,0.3710800725830386,60.17571668668541,1.3400096010629816,1.8896197410883742,64.59258684302709,293,2021-12-31
mean_reversion,5,46,45,0.9782608695652174,0.44092784833667675,71.62708349271365,1.5091614230167139,2.133423111000833,72.8516906803509,292,2021-12-31
mean_reversion,6,45,45,1.0,0.4884175180997393,79.33686670869423,1.5975162390493183,2.369327096385394,79.33686670869423,291,2021-12-31
mean_reversion,7,44,44,1.0,0.5359487746296996,87.09508216527489,1.6894359820649834,2.665318126198763,87.09508216527489,290,2021-12-31
mean_reversion,8,43,43,1.0,0.5704274019064015,92.62087351454451,1.7568944411536365,2.8741492345735917,92.62087351454451,289,2021-12-31
mean_reversion,9,42,42,1.0,0.5898171046215575,95.43260674687834,1.8006888929428295,2.9709414444010895,95.43260674687834,288,2021-12-31
mean_reversion,10,41,41,1.0,0.614945024236229,99.31180233497791,1.8489973139883162,3.1165928027605814,99.31180233497791,287,2021-12-31
mean_reversion,11,40,40,1.0,0.649447114307526,105.08395430840353,1.9120222835771354,3.342175431843043,105.08395430840353,286,2021-12-31
mean_reversion,12,39,39,1.0,0.6861277864543536,111.29412083844886,1.9891975640855413,3.5755084778369044,111.29412083844886,285,2021-12-31
mean_reversion,13,38,38,1.0,0.7151806558816659,116.09472403520175,2.047494537328248,3.7572416644318443,116.09472403520175,284,2021-12-31
mean_reversion,14,37,37,1.0,0.7461241532256011,121.29667871964864,2.1064136930180712,3.958420242964364,121.29667871964864,283,2021-12-31
mean_reversion,15,36,36,1.0,0.7639656399834048,123.99988445659041,2.146177252511773,4.05381697031775,123.99988445659041,282,2021-12-31
mean_reversion,16,35,35,1.0,0.798156784345227,130.0516291658127,2.201191920177394,4.301389538113244,130.0516291658127,281,2021-12-31
mean_reversion,17,34,34,1.0,0.8310998013330194,135.98985726520618,2.26407783373638,4.535415029523933,135.98985726520618,280,2021-12-31
mean_reversion,18,33,33,1.0,0.8621140583574702,141.65448149734164,2.3226049511268463,4.760119123740238,141.65448149734164,279,2021-12-31
mean_reversion,19,32,32,1.0,0.8758584297693824,143.93403360832713,2.34454425976688,4.8521574206494815,143.93403360832713,278,2021-12-31
mean_reversion,20,31,31,1.0,0.8900156971122775,146.23540250848183,2.3573306222556765,4.954439503168419,146.23540250848183,277,2021-12-31
mean_reversion,21,30,30,1.0,0.9175910249055805,151.29791143920164,2.375770545996675,5.18912502596341,151.29791143920164,276,2021-12-31
naive,1,50,48,0.96,0.15490425936555802,25.705089277462275,0.6095736723163845,1.1598586279683385,35.388646005694454,296,2021-12-31
naive,2,49,47,0.9591836734693877,0.22878417867901102,38.25486935470097,0.8376287542739069,1.6447045918367358,49.64666692221284,295,2021-12-31
naive,3,48,46,0.9583333333333334,0.3033566278367153,51.268009264873534,1.0435146655042484,1.9212850773615646,59.29599485731624,294,2021-12-31
naive,4,47,46,0.9787234042553191,0.3310603611955759,56.40971653215676,1.0700736957618433,2.0544990042437337,62.49145400011152,293,2021-12-31
naive,5,46,45,0.9782608695652174,0.39297609653738946,67.80549631653813,1.2012300366872215,2.352556573774284,71.07573220923007,292,2021-12-31
naive,6,45,43,0.9555555555555556,0.3994391662695129,69.33528740749102,1.1890584176176822,2.3474576173003796,70.73032069836121,291,2021-12-31
naive,7,44,44,1.0,0.4752703159470182,83.77443995635883,1.3172377320836746,2.8714842657342694,83.77443995635883,290,2021-12-31
naive,8,43,43,1.0,0.5186893602262053,92.50664402178255,1.392797164369421,3.2325350367197094,92.50664402178255,289,2021-12-31
naive,9,42,42,1.0,0.5500220859704523,99.02604649262742,1.4480751658611783,3.5032271587701937,99.02604649262742,288,2021-12-31
naive,10,41,41,1.0,0.567999384326729,103.01370239623141,1.4640321024733853,3.6866530173381875,103.01370239623141,287,2021-12-31
naive,11,40,40,1.0,0.6075856321340829,111.7270744418178,1.5271549925654808,4.059198729525413,111.7270744418178,286,2021-12-31
naive,12,39,39,1.0,0.6226333962322871,115.46523963011957,1.5455261386254533,4.227735842880526,115.46523963011957,285,2021-12-31
naive,13,38,38,1.0,0.6689254346911786,125.79926289133905,1.635014784614117,4.654948359952838,125.79926289133905,284,2021-12-31
naive,14,37,37,1.0,0.6719169419136547,126.91048649052314,1.6265278682360733,4.718996456290088,126.91048649052314,283,2021-12-31
naive,15,36,36,1.0,0.676262207126874,128.19338157765873,1.6287435672845088,4.78092551159843,128.19338157765873,282,2021-12-31
naive,16,35,35,1.0,0.7041483916219188,134.9262988516876,1.6697806189434192,5.076534323640964,134.9262988516876,281,2021-12-31
naive,17,34,34,1.0,0.709428881814456,136.73536665028413,1.6735331832345337,5.163235149279677,136.73536665028413,280,2021-12-31
naive,18,33,33,1.0,0.7352460008687522,143.20374873837127,1.7230987614662523,5.437088675452316,143.20374873837127,279,2021-12-31
naive,19,32,32,1.0,0.7533952446186573,148.15858124483293,1.7458474641184845,5.662081598123167,148.15858124483293,278,2021-12-31
naive,20,31,31,1.0,0.7310380542713416,143.47254840146724,1.6763855501546612,5.497241869918703,143.47254840146724,277,2021-12-31
naive,21,30,30,1.0,0.7184050347086706,140.82571588351556,1.6168246297739666,5.424461164401817,140.82571588351556,276,2021-12-31
ridge_direct,1,50,47,0.94,0.3442310958990438,56.370184151447276,1.5341867734782304,1.895473512969799,68.59320572896057,59,2021-12-31
ridge_direct,2,49,47,0.9591836734693877,0.42040797548375997,69.39892480803819,1.676237408060843,2.362547890797986,80.77570597717656,58,2021-12-31
ridge_direct,3,48,46,0.9583333333333334,0.4451646849327857,73.6836019158177,1.828193076864732,2.6862576505402678,90.28901454809996,57,2021-12-31
ridge_direct,4,47,45,0.9574468085106383,0.4649352426741093,77.41771453124173,1.726263686008179,2.793561570781446,90.39650513579247,56,2021-12-31
ridge_direct,5,46,44,0.9565217391304348,0.49624089601691646,83.219056341159,1.69879873660464,3.0028652062813124,94.03327885771901,55,2021-12-31
ridge_direct,6,45,43,0.9555555555555556,0.505327140169051,84.99294848934592,1.8384375908571402,3.0102995914222572,96.97474364558792,54,2021-12-31
ridge_direct,7,44,42,0.9545454545454546,0.5175150326093798,87.35276351841914,1.7454935032237158,3.127593584129808,97.46174174707043,53,2021-12-31
ridge_direct,8,43,41,0.9534883720930233,0.5866449292733338,100.40205499296164,1.6925641641011857,3.389179345296749,101.63487018795867,52,2021-12-31
ridge_direct,9,42,40,0.9523809523809523,0.5476713993413257,93.01097584102646,1.7321659097280822,3.152283594872334,97.6889900920083,51,2021-12-31
ridge_direct,10,41,40,0.975609756097561,0.6309718471413336,109.01643417983779,1.7476360007775944,3.9391148791666675,113.73501759888518,50,2021-12-31
ridge_direct,11,40,38,0.95,0.6572902686475735,114.88029063438844,1.8026351689244344,4.025455758910833,116.56181855670529,49,2021-12-31
ridge_direct,12,39,38,0.9743589743589743,0.6717917622178597,118.53180930029836,1.8139445827801508,4.13952552091299,119.0694020738628,48,2021-12-31
ridge_direct,13,38,38,1.0,0.6592740113457416,116.31742188969744,1.7486242155663678,4.067246878918506,116.31742188969744,47,2021-12-31
ridge_direct,14,37,37,1.0,0.6834067211342707,121.77092571642441,1.7827249358523862,4.305821349968838,121.77092571642441,46,2021-12-31
ridge_direct,15,36,36,1.0,0.6397953828330312,113.55743474396613,1.6764150301632503,4.001456707035058,113.55743474396613,45,2021-12-31
ridge_direct,16,35,35,1.0,0.6093756050664559,108.33356073658125,1.580683786420487,3.8359942504085778,108.33356073658125,44,2021-12-31
ridge_direct,17,34,33,0.9705882352941176,0.5863959075588082,104.59352978866842,1.5542496921862896,3.7176389450561382,105.43777274484849,43,2021-12-31
ridge_direct,18,33,31,0.9393939393939394,0.5817949445619572,104.42187303713699,1.6572356460542457,3.75254769084429,108.19566673797067,42,2021-12-31
ridge_direct,19,32,30,0.9375,0.539109983387633,97.06275295342948,1.563726095518478,3.500442730136987,101.28337651310923,41,2021-12-31
ridge_direct,20,31,31,1.0,0.6383175635674609,118.3831826902648,1.5502336284233125,4.368925506089932,118.3831826902648,40,2021-12-31
ridge_direct,21,30,30,1.0,0.6302350707071532,117.71379460804079,1.4832017286488612,4.4024880017531824,117.71379460804079,39,2021-12-31
ridge_direct_macro,1,48,46,0.9583333333333334,0.2170429589104059,36.25518146811141,1.373712334321148,1.1922833041131948,51.319912768686834,59,2021-12-31
ridge_direct_macro,2,48,45,0.9375,0.38598822953251016,67.28698546613715,1.963024288723955,2.471216808895783,88.68482195239473,58,2021-12-31
ridge_direct_macro,3,47,43,0.9148936170212766,0.5922013820285419,110.0858312318778,3.1374443372075556,4.150893922791324,145.76676519997758,57,2021-12-31
ridge_direct_macro,4,46,43,0.9347826086956522,0.6854489453172948,140.3226917377426,6.248248430962147,5.352903593246841,232.02304048417972,56,2021-12-31
ridge_direct_macro,5,46,43,0.9347826086956522,0.7461178504057789,147.30667762569774,4.809770591404078,5.737185812376993,210.93912807562143,55,2021-12-31
ridge_direct_macro,6,45,36,0.8,0.4740273007976376,85.92580443396459,5.993194750628399,4.022118964705431,200.30627430667653,54,2021-12-31
ridge_direct_macro,7,44,38,0.8636363636363636,0.5994891316356973,121.07371316189769,7.731044066242209,5.163615526182255,257.89319184848915,53,2021-12-31
ridge_direct_macro,8,43,34,0.7906976744186046,0.6221475369157571,162.15861151182852,19.481711590058325,7.6631615216042555,542.8974622332515,52,2021-12-31
ridge_direct_macro,9,42,34,0.8095238095238095,0.8049151298231244,288.3119482361088,26.82810358784007,14.099313143227679,818.5483346213547,51,2021-12-31
ridge_direct_macro,10,41,34,0.8292682926829268,0.9875958791863407,382.9405636913588,20.514639048287023,18.331107274388152,776.9149264535032,50,2021-12-31
ridge_direct_macro,11,40,34,0.85,1.1248977568689846,431.521628191361,14.918194691713603,20.235292804558785,703.0697499254475,49,2021-12-31
ridge_direct_macro,12,39,32,0.8205128205128205,1.3010093112112455,618.1834645933334,15.506606452835253,29.50446912560781,900.2215115688608,47,2021-12-31
ridge_direct_macro,13,38,28,0.7368421052631579,1.0410552155860486,599.5727698119701,40.04765857675765,30.375497551804976,1408.4631225712521,45,2021-12-31
ridge_direct_macro,14,37,27,0.7297297297297297,1.112308914200979,576.7591896258432,25.45564009415874,28.4676678273138,1078.4661584294506,43,2021-12-31
ridge_direct_macro,15,36,24,0.6666666666666666,1.0392311613987832,459.2615143512598,19.739762380661915,22.382910803807075,842.4534636893793,41,2021-12-31
ridge_direct_macro,16,35,26,0.7428571428571429,0.8120433083035117,240.96377954584247,11.199819332138583,11.151911879382178,447.0346242304151,39,2021-12-31
ridge_direct_macro,17,34,28,0.8235294117647058,0.7875613602924251,181.96483232245578,3.5771649217751964,7.6168018538565585,223.87933551263498,37,2021-12-31
ridge_direct_macro,18,33,33,1.0,1.0808510708408894,211.15998220597476,2.4859084851879225,8.072090625110823,211.15998220597476,35,2021-12-31
ridge_direct_macro,19,32,29,0.90625,0.8329170778593967,137.02790056603897,2.258000803333077,5.545565323414772,156.07132253495692,33,2021-12-31
ridge_direct_macro,20,31,28,0.9032258064516129,0.7414903956412314,132.16512956606627,3.2139876160625342,4.77647665044918,159.80928533023422,31,2021-12-31
ridge_direct_macro,21,30,28,0.9333333333333333,0.7188762004911561,143.56631100512325,2.952745468081234,5.601451311777466,171.0839355971739,29,2021-12-31
