horizon,window,half_life,period,n,mae,naive_mae
1,60,6,2008,12,13.849193959347188,11.213333333333333
1,60,6,2014_2016,36,5.216351398052492,4.7202777777777785
1,60,6,2020,12,6.89121054409224,7.4700000000000015
1,60,6,validation_2022_plus,50,5.545547862686026,5.652799999999998
1,60,12,2008,12,12.59636374148054,11.213333333333333
1,60,12,2014_2016,36,4.778619476464056,4.7202777777777785
1,60,12,2020,12,7.17558938647529,7.4700000000000015
1,60,12,validation_2022_plus,50,5.549443443614347,5.652799999999998
1,60,24,2008,12,11.922144266644983,11.213333333333333
1,60,24,2014_2016,36,4.651170675812322,4.7202777777777785
1,60,24,2020,12,7.3215285885742105,7.4700000000000015
1,60,24,validation_2022_plus,50,5.597416610767081,5.652799999999998
1,120,6,2008,12,14.720610854674442,11.213333333333333
1,120,6,2014_2016,36,5.030515258605369,4.7202777777777785
1,120,6,2020,12,7.279056267619507,7.4700000000000015
1,120,6,validation_2022_plus,50,5.4850021832989695,5.652799999999998
1,120,12,2008,12,13.078878808975524,11.213333333333333
1,120,12,2014_2016,36,4.610126974596259,4.7202777777777785
1,120,12,2020,12,7.289892406691671,7.4700000000000015
1,120,12,validation_2022_plus,50,5.489778059170363,5.652799999999998
1,120,24,2008,12,12.176340799028274,11.213333333333333
1,120,24,2014_2016,36,4.570938032433462,4.7202777777777785
1,120,24,2020,12,7.380525419652372,7.4700000000000015
1,120,24,validation_2022_plus,50,5.564608546678127,5.652799999999998
1,180,6,2008,12,15.226654556735093,11.213333333333333
1,180,6,2014_2016,36,5.0964459886706095,4.7202777777777785
1,180,6,2020,12,7.219056545955463,7.4700000000000015
1,180,6,validation_2022_plus,50,5.4541559950794225,5.652799999999998
1,180,12,2008,12,13.25095986620389,11.213333333333333
1,180,12,2014_2016,36,4.526179468430737,4.7202777777777785
1,180,12,2020,12,7.2603388509143025,7.4700000000000015
1,180,12,validation_2022_plus,50,5.535066156794736,5.652799999999998
1,180,24,2008,12,12.268221613310095,11.213333333333333
1,180,24,2014_2016,36,4.525899422884048,4.7202777777777785
1,180,24,2020,12,7.3655908233592475,7.4700000000000015
1,180,24,validation_2022_plus,50,5.59024908630842,5.652799999999998
3,60,6,2008,12,31.402632786924226,28.83499999999999
3,60,6,2014_2016,36,12.236573325634849,9.433055555555557
3,60,6,2020,12,13.380459072721436,15.13666666666667
3,60,6,validation_2022_plus,48,7.36302895973063,8.264791666666667
3,60,12,2008,12,29.58388132115901,28.83499999999999
3,60,12,2014_2016,36,10.251990893551374,9.433055555555557
3,60,12,2020,12,14.169764056816334,15.13666666666667
3,60,12,validation_2022_plus,48,7.245769781399411,8.264791666666667
3,60,24,2008,12,28.738103974554367,28.83499999999999
3,60,24,2014_2016,36,9.74250417762657,9.433055555555557
3,60,24,2020,12,14.591150226769392,15.13666666666667
3,60,24,validation_2022_plus,48,7.688745881500029,8.264791666666667
3,120,6,2008,12,35.024381807720474,28.83499999999999
3,120,6,2014_2016,36,11.39713489414544,9.433055555555557
3,120,6,2020,12,14.876378631314552,15.13666666666667
3,120,6,validation_2022_plus,48,7.347024646684794,8.264791666666667
3,120,12,2008,12,31.012203987159026,28.83499999999999
3,120,12,2014_2016,36,10.019630841932882,9.433055555555557
3,120,12,2020,12,14.920904674346758,15.13666666666667
3,120,12,validation_2022_plus,48,7.212740008580265,8.264791666666667
3,120,24,2008,12,29.278840714158676,28.83499999999999
3,120,24,2014_2016,36,9.554586722034344,9.433055555555557
3,120,24,2020,12,14.988902202387811,15.13666666666667
3,120,24,validation_2022_plus,48,7.595117794344982,8.264791666666667
3,180,6,2008,12,36.829747597145364,28.83499999999999
3,180,6,2014_2016,36,11.114568486200412,9.433055555555557
3,180,6,2020,12,14.658133624491962,15.13666666666667
3,180,6,validation_2022_plus,48,6.912871534100013,8.264791666666667
3,180,12,2008,12,31.51171432525925,28.83499999999999
3,180,12,2014_2016,36,9.84640060810986,9.433055555555557
3,180,12,2020,12,14.850733766821568,15.13666666666667
3,180,12,validation_2022_plus,48,7.37459606986996,8.264791666666667
3,180,24,2008,12,29.55940037768832,28.83499999999999
3,180,24,2014_2016,36,9.407545075818813,9.433055555555557
3,180,24,2020,12,14.952118101145077,15.13666666666667
3,180,24,validation_2022_plus,48,7.795122102187211,8.264791666666667
6,60,6,2008,12,41.50884486376385,35.8225
6,60,6,2014_2016,36,21.436485463744503,14.473333333333338
6,60,6,2020,12,13.961010261891944,18.478333333333335
6,60,6,validation_2022_plus,45,7.910633592957323,9.628444444444442
6,60,12,2008,12,38.835189136929124,35.8225
6,60,12,2014_2016,36,16.591224247136807,14.473333333333338
6,60,12,2020,12,15.819929051327458,18.478333333333335
6,60,12,validation_2022_plus,45,7.256657820811644,9.628444444444442
6,60,24,2008,12,37.01365962263492,35.8225
6,60,24,2014_2016,36,14.989997967284081,14.473333333333338
6,60,24,2020,12,17.055409097736952,18.478333333333335
6,60,24,validation_2022_plus,45,8.002426242355616,9.628444444444442
6,120,6,2008,12,48.39503010412096,35.8225
6,120,6,2014_2016,36,18.95297060019938,14.473333333333338
6,120,6,2020,12,19.769501570807115,18.478333333333335
6,120,6,validation_2022_plus,45,7.314530449733452,9.628444444444442
6,120,12,2008,12,42.215087952792835,35.8225
6,120,12,2014_2016,36,15.176835319033168,14.473333333333338
6,120,12,2020,12,18.009224135217167,18.478333333333335
6,120,12,validation_2022_plus,45,6.910172727869719,9.628444444444442
6,120,24,2008,12,39.004860823446364,35.8225
6,120,24,2014_2016,36,14.34212107078922,14.473333333333338
6,120,24,2020,12,18.300670747644485,18.478333333333335
6,120,24,validation_2022_plus,45,7.742803578487439,9.628444444444442
6,180,6,2008,12,51.24751836179652,35.8225
6,180,6,2014_2016,36,15.852053780618819,14.473333333333338
6,180,6,2020,12,18.77397769350208,18.478333333333335
6,180,6,validation_2022_plus,45,6.938266222933225,9.628444444444442
6,180,12,2008,12,43.47296416692455,35.8225
6,180,12,2014_2016,36,14.282948651455623,14.473333333333338
6,180,12,2020,12,17.53528799050828,18.478333333333335
6,180,12,validation_2022_plus,45,7.456703496520822,9.628444444444442
6,180,24,2008,12,39.76893401462054,35.8225
6,180,24,2014_2016,36,13.711215846487562,14.473333333333338
6,180,24,2020,12,18.05002962384334,18.478333333333335
6,180,24,validation_2022_plus,45,8.32056585084372,9.628444444444442
12,60,6,2008,12,50.43575978308755,41.3325
12,60,6,2014_2016,36,33.308864458321025,23.81972222222222
12,60,6,2020,12,18.13056970282656,23.305833333333336
12,60,6,validation_2022_plus,39,9.246923999083151,12.805897435897435
12,60,12,2008,12,47.14908669071351,41.3325
12,60,12,2014_2016,36,28.668825317271715,23.81972222222222
12,60,12,2020,12,19.795293496242973,23.305833333333336
12,60,12,validation_2022_plus,39,8.041708747983002,12.805897435897435
12,60,24,2008,12,44.173665206805616,41.3325
12,60,24,2014_2016,36,25.813582156015556,23.81972222222222
12,60,24,2020,12,21.21939615280975,23.305833333333336
12,60,24,validation_2022_plus,39,8.749767384985379,12.805897435897435
12,120,6,2008,12,60.033410705925206,41.3325
12,120,6,2014_2016,36,28.52997388845465,23.81972222222222
12,120,6,2020,12,30.622571094619843,23.305833333333336
12,120,6,validation_2022_plus,39,8.538341369730261,12.805897435897435
12,120,12,2008,12,53.07382044754473,41.3325
12,120,12,2014_2016,36,25.461326631742523,23.81972222222222
12,120,12,2020,12,27.827216747848556,23.305833333333336
12,120,12,validation_2022_plus,39,7.213853523180337,12.805897435897435
12,120,24,2008,12,48.089853751182375,41.3325
12,120,24,2014_2016,36,23.79996555397237,23.81972222222222
12,120,24,2020,12,25.620492319433115,23.305833333333336
12,120,24,validation_2022_plus,39,8.361418555833257,12.805897435897435
12,180,6,2008,12,64.23517723891257,41.3325
12,180,6,2014_2016,36,21.72948488563148,23.81972222222222
12,180,6,2020,12,27.81231879397016,23.305833333333336
12,180,6,validation_2022_plus,39,7.238549462224851,12.805897435897435
12,180,12,2008,12,55.80644135418703,41.3325
12,180,12,2014_2016,36,21.046457371243708,23.81972222222222
12,180,12,2020,12,26.01278280662832,23.305833333333336
12,180,12,validation_2022_plus,39,7.856814316629495,12.805897435897435
12,180,24,2008,12,49.588925355185445,41.3325
12,180,24,2014_2016,36,20.688470133415663,23.81972222222222
12,180,24,2020,12,24.782039154840344,23.305833333333336
12,180,24,validation_2022_plus,39,9.46009462540258,12.805897435897435
21,60,6,2008,12,57.831978694916565,37.23333333333333
21,60,6,2014_2016,36,36.96484436565093,37.149166666666666
21,60,6,2020,12,20.832288966799787,28.392499999999995
21,60,6,validation_2022_plus,30,10.541740645495842,15.483
21,60,12,2008,12,53.89487470412391,37.23333333333333
21,60,12,2014_2016,36,36.19160449200534,37.149166666666666
21,60,12,2020,12,22.450972546825568,28.392499999999995
21,60,12,validation_2022_plus,30,8.200636357071243,15.483
21,60,24,2008,12,48.53981232549882,37.23333333333333
21,60,24,2014_2016,36,35.608672126011825,37.149166666666666
21,60,24,2020,12,24.45736062383412,28.392499999999995
21,60,24,validation_2022_plus,30,6.687189306976586,15.483
21,120,6,2008,12,67.5738307897032,37.23333333333333
21,120,6,2014_2016,36,31.398334019000604,37.149166666666666
21,120,6,2020,12,32.55161929913769,28.392499999999995
21,120,6,validation_2022_plus,30,9.424078244339569,15.483
21,120,12,2008,12,61.84808788529508,37.23333333333333
21,120,12,2014_2016,36,31.38490216799666,37.149166666666666
21,120,12,2020,12,31.515448938422633,28.392499999999995
21,120,12,validation_2022_plus,30,6.520878327766252,15.483
21,120,24,2008,12,54.13955141695359,37.23333333333333
21,120,24,2014_2016,36,32.05092656988353,37.149166666666666
21,120,24,2020,12,30.351562096184768,28.392499999999995
21,120,24,validation_2022_plus,30,6.2176405340428555,15.483
21,180,6,2008,12,71.10993100342911,37.23333333333333
21,180,6,2014_2016,36,24.955029669162823,37.149166666666666
21,180,6,2020,12,27.32582512603101,28.392499999999995
21,180,6,validation_2022_plus,30,6.965830175349749,15.483
21,180,12,2008,12,65.1505943748884,37.23333333333333
21,180,12,2014_2016,36,24.038622770154888,37.149166666666666
21,180,12,2020,12,27.4988354402394,28.392499999999995
21,180,12,validation_2022_plus,30,6.033309772150798,15.483
21,180,24,2008,12,56.338671154475755,37.23333333333333
21,180,24,2014_2016,36,26.241718912669764,37.149166666666666
21,180,24,2020,12,27.75939508863932,28.392499999999995
21,180,24,validation_2022_plus,30,7.890373353467019,15.483
