date,horizon,model,prediction,lower,upper
2026-04-01,1,mean_reversion,100.61517208721685,85.77039904013198,118.02921482740817
2026-05-01,2,mean_reversion,98.29777439868757,76.86796220750679,125.70194622372411
2026-06-01,3,mean_reversion,96.15942895709584,70.81465742776881,130.575167814465
2026-07-01,4,mean_reversion,94.18379119401764,65.4049630608418,135.62558724215793
2026-08-01,5,mean_reversion,92.35628888642394,60.05489557003731,142.03145332132155
2026-09-01,6,mean_reversion,90.66389887032501,55.96334423431731,146.88083192369274
2026-10-01,7,mean_reversion,89.09495550407198,53.32874844456233,148.8486290752611
2026-11-01,8,mean_reversion,87.63898589877661,50.277040682340335,152.76539241625952
2026-12-01,9,mean_reversion,86.28656778346652,48.90273000198041,152.2485918383135
2027-01-01,10,mean_reversion,85.02920656668792,46.28085443683107,156.21937099775664
2027-02-01,11,mean_reversion,83.85922872486805,44.649028521630285,157.5033203448736
2027-03-01,12,mean_reversion,82.7696891150772,42.7098187841487,160.403898476599
2027-04-01,13,mean_reversion,81.75429019515033,41.2104873215279,162.18599681109157
2027-05-01,14,mean_reversion,80.80731145281806,39.41517864359743,165.66768968059566
2027-06-01,15,mean_reversion,79.92354760987993,38.300578297980586,166.78007869363012
2027-07-01,16,mean_reversion,79.09825438741608,36.48554868759658,171.47977958909863
2027-08-01,17,mean_reversion,78.32710080157807,35.71900824852439,171.76106002982385
2027-09-01,18,mean_reversion,77.60612711306393,34.255499638478305,175.81734404842499
2027-10-01,19,mean_reversion,76.93170768222652,33.26677655488304,177.909862626435
2027-11-01,20,mean_reversion,76.30051809013898,31.834718883533995,182.87483806979188
2027-12-01,21,mean_reversion,75.70950597733878,31.271579113476655,183.29516634043244
